Two_P,Two_PP,Two_PA,Three_P,Three_PP,Three_PA,AST,Age,BLK,DRB,FG,FGP,FGA,FT,FTP,FTA,G,GS,MP,ORB,PF,PTS,STL,TOV,TRB,eFGP,place,name,team,team_abbr,year
300,0.461,651,212,0.388,547,494,29,34,310,512,0.427,1198,398,0.811,491,77,77,2851,55,211,1634,158,225,365,0.516,Toronto,Kyle Lowry,Raptors,TOR,2016
567,0.458,1238,47,0.338,139,315,26,21,285,614,0.446,1377,555,0.85,653,78,78,2804,64,167,1830,81,175,349,0.463,Toronto,DeMar DeRozan,Raptors,TOR,2016
227,0.478,475,30,0.273,110,250,24,20,171,257,0.439,585,133,0.764,174,80,4,2046,39,131,677,63,102,210,0.465,Toronto,Cory Joseph,Raptors,TOR,2016
98,0.49,200,106,0.362,293,94,26,32,265,204,0.414,493,29,0.853,34,79,0,2020,77,128,543,53,65,342,0.521,Toronto,Patrick Patterson,Raptors,TOR,2016
156,0.544,287,0,0.0,1,29,23,133,473,156,0.542,288,142,0.628,226,82,22,1808,182,225,454,19,71,655,0.542,Toronto,Bismack Biyombo,Raptors,TOR,2016
139,0.484,287,131,0.386,339,56,24,25,164,270,0.431,626,49,0.79,62,73,7,1747,21,120,720,54,46,185,0.536,Toronto,Terrence Ross,Raptors,TOR,2016
204,0.467,437,65,0.404,161,66,35,27,276,269,0.45,598,61,0.726,84,76,76,1636,84,178,664,46,68,360,0.504,Toronto,Luis Scola,Raptors,TOR,2016
303,0.565,536,0,0.0,0,42,23,80,363,303,0.565,536,162,0.761,213,60,59,1557,184,158,768,25,85,547,0.565,Toronto,Jonas Valančiūnas,Raptors,TOR,2016
94,0.54,174,20,0.303,66,67,28,33,98,114,0.475,240,39,0.574,68,57,32,926,28,84,287,29,54,126,0.517,Toronto,James Johnson,Raptors,TOR,2016
59,0.388,152,46,0.39,118,27,29,6,91,105,0.389,270,30,0.6,50,26,22,786,31,63,286,44,28,122,0.474,Toronto,DeMarre Carroll,Raptors,TOR,2016
61,0.436,140,36,0.404,89,47,22,10,95,97,0.424,229,43,0.811,53,49,24,725,16,59,273,29,32,111,0.502,Toronto,Norman Powell,Raptors,TOR,2016
27,0.529,51,5,0.333,15,10,29,12,58,32,0.485,66,18,0.818,22,19,6,292,22,40,87,8,8,80,0.523,Toronto,Jason Thompson,Raptors,TOR,2016
31,0.463,67,5,0.385,13,31,23,3,29,36,0.45,80,26,0.743,35,27,1,229,8,7,103,8,16,37,0.481,Toronto,Delon Wright,Raptors,TOR,2016
27,0.659,41,1,0.333,3,7,23,12,28,28,0.636,44,8,0.533,15,29,1,225,18,29,65,12,11,46,0.648,Toronto,Lucas Nogueira,Raptors,TOR,2016
5,0.385,13,3,0.214,14,0,22,0,17,8,0.296,27,9,0.9,10,19,0,84,6,8,28,5,4,23,0.352,Toronto,Anthony Bennett,Raptors,TOR,2016
0,0.0,5,1,0.143,7,1,20,1,1,1,0.083,12,0,0.0,0,6,1,43,1,2,3,2,4,2,0.125,Toronto,Bruno Caboclo,Raptors,TOR,2016
424,0.462,917,167,0.359,465,509,26,9,197,591,0.428,1382,474,0.871,544,82,79,2644,46,167,1823,91,220,243,0.488,Boston,Isaiah Thomas,Celtics,BOS,2016
309,0.505,612,147,0.361,407,158,25,19,172,456,0.447,1019,96,0.78,123,76,72,2536,48,164,1155,117,109,220,0.52,Boston,Avery Bradley,Celtics,BOS,2016
238,0.529,450,122,0.336,363,135,25,35,303,360,0.443,813,196,0.82,239,73,73,2308,70,198,1038,126,83,373,0.518,Boston,Jae Crowder,Celtics,BOS,2016
323,0.482,670,20,0.241,83,359,27,28,347,343,0.456,753,148,0.827,179,81,12,2271,50,139,854,80,169,397,0.469,Boston,Evan Turner,Celtics,BOS,2016
322,0.458,703,29,0.282,103,187,23,47,479,351,0.435,806,103,0.64,161,81,73,1915,194,209,834,75,102,673,0.453,Boston,Jared Sullinger,Celtics,BOS,2016
239,0.624,383,10,0.233,43,138,28,83,327,249,0.585,426,69,0.57,121,79,76,1800,178,214,577,52,94,505,0.596,Boston,Amir Johnson,Celtics,BOS,2016
123,0.427,288,61,0.253,241,185,21,18,179,184,0.348,529,129,0.777,166,61,10,1667,76,183,558,91,80,255,0.405,Boston,Marcus Smart,Celtics,BOS,2016
168,0.486,346,85,0.405,210,105,24,33,209,253,0.455,556,96,0.75,128,69,8,1395,72,163,687,52,74,281,0.531,Boston,Kelly Olynyk,Celtics,BOS,2016
75,0.421,178,43,0.398,108,62,28,24,211,118,0.413,286,61,0.782,78,78,0,1176,77,137,340,20,52,288,0.488,Boston,Jonas Jerebko,Celtics,BOS,2016
138,0.476,290,0,0.0,0,29,26,22,116,138,0.476,290,88,0.815,108,60,3,710,62,97,364,10,46,178,0.476,Boston,Tyler Zeller,Celtics,BOS,2016
87,0.455,191,0,0.0,1,54,32,13,89,87,0.453,192,40,0.784,51,30,4,470,41,51,214,12,38,130,0.453,Boston,David Lee,Celtics,BOS,2016
17,0.486,35,19,0.302,63,13,22,4,35,36,0.367,98,6,0.857,7,36,0,315,2,29,97,14,11,37,0.464,Boston,R.J. Hunter,Celtics,BOS,2016
23,0.291,79,6,0.222,27,37,21,1,39,29,0.274,106,8,0.8,10,39,0,311,24,23,72,6,19,63,0.302,Boston,Terry Rozier,Celtics,BOS,2016
5,0.5,10,6,0.231,26,9,20,1,22,11,0.306,36,1,0.25,4,29,0,199,4,17,29,6,5,26,0.389,Boston,James Young,Celtics,BOS,2016
8,0.364,22,0,0.0,0,1,21,11,7,8,0.364,22,5,0.5,10,16,0,57,6,5,21,0,1,13,0.364,Boston,Jordan Mickey,Celtics,BOS,2016
0,0.0,2,2,1.0,2,0,23,0,1,2,0.5,4,0,0.0,0,3,0,6,0,0,6,0,1,1,0.75,Boston,Coty Clarke,Celtics,BOS,2016
121,0.42,288,149,0.38,392,99,24,24,218,270,0.397,680,69,0.719,96,77,17,2154,54,187,758,36,76,272,0.507,Philadelphia,Hollis Thompson,76ers,PHI,2016
216,0.477,453,35,0.24,146,135,21,127,262,251,0.419,599,212,0.658,322,77,52,2066,99,215,749,54,110,361,0.448,Philadelphia,Jerami Grant,76ers,PHI,2016
84,0.354,237,176,0.363,485,137,24,12,154,260,0.36,722,150,0.833,180,77,39,1966,20,133,846,56,91,174,0.482,Philadelphia,Isaiah Canaan,76ers,PHI,2016
305,0.521,585,1,0.5,2,122,21,100,388,306,0.521,587,134,0.59,227,67,62,1965,154,192,747,118,158,542,0.522,Philadelphia,Nerlens Noel,76ers,PHI,2016
104,0.452,230,170,0.353,482,97,25,40,354,274,0.385,712,140,0.791,177,67,49,1903,65,232,858,105,143,419,0.504,Philadelphia,Robert Covington,76ers,PHI,2016
104,0.473,220,106,0.326,325,138,22,20,160,210,0.385,545,91,0.771,118,73,35,1809,23,115,617,44,94,183,0.483,Philadelphia,Nik Stauskas,76ers,PHI,2016
253,0.42,602,46,0.336,137,348,27,18,184,299,0.405,739,89,0.669,133,50,50,1622,29,95,733,64,130,213,0.436,Philadelphia,Ish Smith,76ers,PHI,2016
187,0.499,375,31,0.348,89,367,23,10,207,218,0.47,464,26,0.634,41,81,17,1606,43,114,493,95,140,250,0.503,Philadelphia,T.J. McConnell,76ers,PHI,2016
396,0.511,775,1,0.167,6,65,20,61,251,397,0.508,781,133,0.686,194,53,48,1591,122,140,928,22,124,373,0.509,Philadelphia,Jahlil Okafor,76ers,PHI,2016
106,0.596,178,8,0.182,44,33,22,40,73,114,0.514,222,51,0.689,74,51,1,702,62,92,287,19,32,135,0.532,Philadelphia,Richaun Holmes,76ers,PHI,2016
80,0.476,168,6,0.176,34,30,22,16,99,86,0.426,202,62,0.639,97,47,18,691,30,91,240,11,51,129,0.441,Philadelphia,JaKarr Sampson,76ers,PHI,2016
133,0.561,237,6,0.462,13,32,32,9,97,139,0.556,250,67,0.736,91,36,12,569,49,69,351,12,22,146,0.568,Philadelphia,Carl Landry,76ers,PHI,2016
27,0.391,69,16,0.327,49,73,24,2,26,43,0.364,118,9,0.692,13,30,6,400,2,30,111,16,43,28,0.432,Philadelphia,Kendall Marshall,76ers,PHI,2016
31,0.437,71,0,0.0,1,18,36,8,54,31,0.431,72,8,0.889,9,17,1,225,9,32,70,9,11,63,0.431,Philadelphia,Elton Brand,76ers,PHI,2016
17,0.405,42,4,0.308,13,46,24,1,23,21,0.382,55,9,0.5,18,14,0,170,0,14,55,11,19,23,0.418,Philadelphia,Phil Pressey,76ers,PHI,2016
18,0.429,42,4,0.364,11,3,20,7,25,22,0.415,53,13,0.619,21,17,0,145,13,11,61,5,2,38,0.453,Philadelphia,Christian Wood,76ers,PHI,2016
19,0.396,48,3,0.176,17,20,22,0,19,22,0.338,65,20,0.541,37,8,3,144,2,11,67,3,29,21,0.362,Philadelphia,Tony Wroten,76ers,PHI,2016
5,0.417,12,2,0.222,9,2,29,0,11,7,0.333,21,1,0.5,2,7,0,78,1,7,17,0,4,12,0.381,Philadelphia,Sonny Weems,76ers,PHI,2016
589,0.515,1143,2,0.143,14,147,27,124,369,591,0.511,1157,317,0.787,403,73,73,2457,204,215,1501,58,175,573,0.512,Brooklyn,Brook Lopez,Nets,BRK,2016
488,0.523,933,7,0.233,30,135,27,37,484,495,0.514,963,105,0.644,163,73,73,2407,176,182,1102,112,136,660,0.518,Brooklyn,Thaddeus Young,Nets,BRK,2016
195,0.474,411,129,0.382,338,99,26,5,219,324,0.433,749,110,0.833,132,79,39,2115,36,119,887,29,115,255,0.519,Brooklyn,Bojan Bogdanović,Nets,BRK,2016
162,0.427,379,85,0.371,229,232,34,2,190,247,0.406,608,92,0.852,108,57,57,1934,34,100,671,40,116,224,0.476,Brooklyn,Joe Johnson,Nets,BRK,2016
183,0.464,394,39,0.361,108,342,23,12,152,222,0.442,502,83,0.776,107,78,17,1751,28,121,566,95,146,180,0.481,Brooklyn,Shane Larkin,Nets,BRK,2016
122,0.416,293,96,0.358,268,83,28,5,154,218,0.389,561,54,0.857,63,76,41,1615,20,82,586,48,45,174,0.474,Brooklyn,Wayne Ellington,Nets,BRK,2016
116,0.462,251,38,0.384,99,268,28,4,156,154,0.44,350,78,0.75,104,61,33,1318,17,73,424,32,80,173,0.494,Brooklyn,Donald Sloan,Nets,BRK,2016
109,0.426,256,31,0.304,102,236,32,7,127,140,0.391,358,100,0.893,112,32,32,1027,9,77,411,34,94,136,0.434,Brooklyn,Jarrett Jack,Nets,BRK,2016
89,0.443,201,38,0.314,121,91,24,15,99,127,0.394,322,71,0.755,94,62,6,982,23,94,363,38,54,122,0.453,Brooklyn,Markel Brown,Nets,BRK,2016
130,0.448,290,0,0.0,1,46,24,36,223,130,0.447,291,47,0.431,109,71,7,917,136,111,307,39,69,359,0.447,Brooklyn,Thomas Robinson,Nets,BRK,2016
124,0.471,263,3,0.188,16,18,30,9,69,127,0.455,279,47,0.825,57,46,0,634,28,61,304,4,26,97,0.461,Brooklyn,Andrea Bargnani,Nets,BRK,2016
59,0.476,124,4,0.286,14,43,21,16,115,63,0.457,138,37,0.712,52,29,17,615,39,61,167,39,26,154,0.471,Brooklyn,Rondae Hollis-Jefferson,Nets,BRK,2016
80,0.526,152,35,0.361,97,26,26,2,40,115,0.462,249,53,0.898,59,23,0,534,10,30,318,10,27,50,0.532,Brooklyn,Sean Kilpatrick,Nets,BRK,2016
76,0.571,133,0,0.0,0,10,25,30,73,76,0.571,133,30,0.545,55,39,2,426,49,47,182,6,16,122,0.571,Brooklyn,Willie Reed,Nets,BRK,2016
19,0.514,37,11,0.297,37,35,22,2,50,30,0.405,74,26,0.929,28,40,5,399,8,27,97,6,22,58,0.48,Brooklyn,Sergey Karasev,Nets,BRK,2016
31,0.413,75,13,0.382,34,9,20,12,43,44,0.404,109,11,0.478,23,24,4,362,25,39,112,28,15,68,0.463,Brooklyn,Chris McCullough,Nets,BRK,2016
33,0.429,77,0,0.0,0,9,25,14,51,33,0.429,77,25,0.833,30,14,4,263,21,37,91,9,12,72,0.429,Brooklyn,Henry Sims,Nets,BRK,2016
462,0.463,997,105,0.339,310,299,31,38,458,567,0.434,1307,334,0.829,403,72,72,2530,98,180,1573,62,176,556,0.474,New York,Carmelo Anthony,Knicks,NYK,2016
263,0.469,561,91,0.382,238,144,30,10,243,354,0.443,799,110,0.84,131,71,57,2371,23,142,909,25,82,266,0.5,New York,Arron Afflalo,Knicks,NYK,2016
357,0.54,661,0,0.0,1,114,27,129,334,357,0.539,662,128,0.795,161,82,82,2219,268,182,842,16,133,602,0.539,New York,Robin Lopez,Knicks,NYK,2016
292,0.454,643,81,0.333,243,94,20,134,394,373,0.421,886,201,0.838,240,72,72,2047,132,205,1028,53,121,526,0.467,New York,Kristaps Porziņģis,Knicks,NYK,2016
154,0.423,364,77,0.344,224,207,24,22,245,231,0.393,588,86,0.754,114,82,7,2033,43,177,625,77,61,288,0.458,New York,Langston Galloway,Knicks,NYK,2016
125,0.496,252,84,0.414,203,298,34,7,207,209,0.459,455,42,0.875,48,72,72,2024,22,135,544,63,87,229,0.552,New York,José Calderón,Knicks,NYK,2016
210,0.506,415,44,0.293,150,75,24,9,249,254,0.45,565,194,0.758,256,80,9,1435,47,69,746,29,61,296,0.488,New York,Derrick Williams,Knicks,NYK,2016
125,0.458,273,44,0.404,109,53,27,7,97,169,0.442,382,102,0.857,119,59,5,1313,34,109,484,22,57,131,0.5,New York,Lance Thomas,Knicks,NYK,2016
132,0.454,291,22,0.22,100,177,23,10,120,154,0.394,391,96,0.78,123,76,6,1265,23,97,426,50,87,143,0.422,New York,Jerian Grant,Knicks,NYK,2016
54,0.403,134,52,0.364,143,84,31,5,123,106,0.383,277,32,0.821,39,61,25,908,26,83,296,34,44,149,0.477,New York,Sasha Vujačić,Knicks,NYK,2016
124,0.498,249,5,0.227,22,72,25,49,174,129,0.476,271,46,0.767,60,65,1,764,76,107,309,20,61,250,0.485,New York,Kyle O'Quinn,Knicks,NYK,2016
84,0.414,203,0,0.0,2,47,26,36,95,84,0.41,205,19,0.826,23,48,0,526,31,67,187,8,43,126,0.41,New York,Kevin Séraphin,Knicks,NYK,2016
19,0.358,53,0,0.0,0,12,33,7,26,19,0.358,53,14,0.519,27,29,0,204,23,44,52,6,15,49,0.358,New York,Lou Amundson,Knicks,NYK,2016
8,0.32,25,4,0.267,15,6,24,3,22,12,0.3,40,3,0.75,4,17,2,154,4,16,31,2,9,26,0.35,New York,Cleanthony Early,Knicks,NYK,2016
3,1.0,3,0,0.0,1,0,23,0,1,3,0.75,4,0,0.0,0,2,0,6,0,2,6,0,0,1,0.75,New York,Thanasis Antetokounmpo,Knicks,NYK,2016
0,0.0,0,1,1.0,1,0,26,0,0,1,1.0,1,4,0.8,5,2,0,5,0,1,7,0,1,0,1.5,New York,Jimmer Fredette,Knicks,NYK,2016
364,0.466,781,143,0.396,361,331,24,19,258,507,0.444,1142,277,0.888,312,79,79,2852,44,204,1434,131,180,302,0.507,Milwaukee,Khris Middleton,Bucks,MIL,2016
485,0.537,904,28,0.257,109,345,21,113,499,513,0.506,1013,296,0.724,409,80,79,2823,113,258,1350,94,208,612,0.52,Milwaukee,Giannis Antetokounmpo,Bucks,MIL,2016
434,0.502,864,9,0.257,35,130,20,29,272,443,0.493,899,175,0.768,228,76,72,2408,123,154,1070,69,116,395,0.498,Milwaukee,Jabari Parker,Bucks,MIL,2016
491,0.522,940,0,0.0,1,178,25,67,478,491,0.522,941,228,0.74,308,79,67,2314,218,163,1210,72,129,696,0.522,Milwaukee,Greg Monroe,Bucks,MIL,2016
236,0.472,500,15,0.273,55,281,24,41,228,251,0.452,555,106,0.654,162,54,37,1649,48,162,623,80,153,276,0.466,Milwaukee,Michael Carter-Williams,Bucks,MIL,2016
84,0.408,206,101,0.437,231,163,27,11,120,185,0.423,437,70,0.778,90,52,18,1505,21,111,541,47,73,141,0.539,Milwaukee,Jerryd Bayless,Bucks,MIL,2016
67,0.421,159,52,0.321,162,118,28,8,92,119,0.371,321,31,0.775,40,41,24,1090,13,126,321,48,72,105,0.452,Milwaukee,O.J. Mayo,Bucks,MIL,2016
38,0.319,119,43,0.293,147,39,19,16,77,81,0.305,266,12,0.8,15,70,6,1001,11,73,217,29,28,88,0.385,Milwaukee,Rashad Vaughn,Bucks,MIL,2016
164,0.566,290,0,0.0,1,54,25,109,134,164,0.564,291,69,0.59,117,57,1,960,87,131,397,18,64,221,0.564,Milwaukee,John Henson,Bucks,MIL,2016
140,0.601,233,0,0.0,0,16,27,50,138,140,0.601,233,34,0.576,59,61,14,870,94,73,314,21,40,232,0.601,Milwaukee,Miles Plumlee,Bucks,MIL,2016
85,0.409,208,1,1.0,1,32,22,8,111,86,0.411,209,27,0.675,40,66,4,857,65,100,200,18,31,176,0.414,Milwaukee,Johnny O'Bryant,Bucks,MIL,2016
71,0.48,148,13,0.333,39,95,21,1,62,84,0.449,187,25,0.735,34,46,7,654,13,64,206,25,46,75,0.484,Milwaukee,Tyler Ennis,Bucks,MIL,2016
27,0.415,65,18,0.247,73,91,29,0,42,45,0.326,138,22,0.846,26,23,0,460,5,42,130,10,40,47,0.391,Milwaukee,Greivis Vásquez,Bucks,MIL,2016
10,0.417,24,3,0.231,13,10,20,3,29,13,0.351,37,7,0.875,8,20,1,156,2,11,36,6,11,31,0.392,Milwaukee,Damien Inglis,Bucks,MIL,2016
7,0.467,15,10,0.278,36,11,31,0,9,17,0.333,51,6,0.857,7,24,1,156,1,17,50,2,6,10,0.431,Milwaukee,Chris Copeland,Bucks,MIL,2016
2,0.286,7,2,0.286,7,1,24,0,9,4,0.286,14,6,0.857,7,4,0,55,0,4,16,2,3,9,0.357,Milwaukee,Jared Cunningham,Bucks,MIL,2016
0,0.0,0,2,0.333,6,0,32,0,1,2,0.333,6,1,1.0,1,3,0,20,0,2,7,0,0,1,0.5,Milwaukee,Steve Novak,Bucks,MIL,2016
395,0.447,883,210,0.371,566,329,25,29,484,605,0.418,1449,454,0.86,528,81,81,2819,79,230,1874,152,265,563,0.49,Indiana,Paul George,Pacers,IND,2016
349,0.472,739,87,0.309,282,383,30,37,229,436,0.427,1021,162,0.786,206,81,81,2734,42,174,1121,150,203,271,0.47,Indiana,Monta Ellis,Pacers,IND,2016
198,0.466,425,128,0.408,314,259,29,17,240,326,0.441,739,114,0.76,150,74,73,2524,58,149,894,83,101,298,0.528,Indiana,George Hill,Pacers,IND,2016
264,0.589,448,0,0.0,0,104,29,75,369,264,0.589,448,132,0.587,225,71,71,1816,138,220,660,65,100,507,0.589,Indiana,Ian Mahinmi,Pacers,IND,2016
191,0.516,370,0,0.0,0,76,26,42,262,191,0.516,370,46,0.63,73,79,28,1599,162,147,428,26,69,424,0.516,Indiana,Lavoy Allen,Pacers,IND,2016
278,0.507,548,0,0.0,1,87,28,37,295,278,0.506,549,89,0.712,125,73,11,1513,156,155,645,36,92,451,0.506,Indiana,Jordan Hill,Pacers,IND,2016
117,0.474,247,142,0.367,387,63,28,29,150,259,0.409,634,93,0.75,124,64,24,1464,25,142,753,53,70,175,0.521,Indiana,C.J. Miles,Pacers,IND,2016
261,0.506,516,3,0.214,14,41,19,86,264,264,0.498,530,88,0.727,121,60,30,1367,68,158,619,25,67,332,0.501,Indiana,Myles Turner,Pacers,IND,2016
163,0.453,360,20,0.241,83,142,29,8,137,183,0.413,443,131,0.829,158,58,1,1275,19,77,517,43,76,156,0.436,Indiana,Rodney Stuckey,Pacers,IND,2016
69,0.515,134,24,0.324,74,57,24,11,127,93,0.447,208,36,0.857,42,59,3,866,39,68,246,37,33,166,0.505,Indiana,Solomon Hill,Pacers,IND,2016
61,0.488,125,20,0.29,69,49,27,9,90,81,0.418,194,34,0.708,48,49,2,729,31,46,216,29,31,121,0.469,Indiana,Chase Budinger,Pacers,IND,2016
51,0.447,114,14,0.378,37,26,22,9,56,65,0.43,151,27,0.692,39,45,4,508,12,21,171,17,18,68,0.477,Indiana,Glenn Robinson,Pacers,IND,2016
52,0.423,123,10,0.217,46,65,23,0,44,62,0.367,169,20,0.8,25,41,0,384,6,30,154,15,33,50,0.396,Indiana,Joe Young,Pacers,IND,2016
23,0.434,53,5,0.357,14,57,28,1,25,28,0.418,67,3,0.5,6,13,1,235,6,16,64,10,13,31,0.455,Indiana,Ty Lawson,Pacers,IND,2016
5,0.556,9,0,0.0,2,3,24,1,7,5,0.455,11,1,0.5,2,7,0,41,5,7,11,1,5,12,0.455,Indiana,Shayne Whittington,Pacers,IND,2016
2,1.0,2,0,0.0,0,0,24,0,0,2,1.0,2,0,0.0,0,1,0,6,1,1,4,0,0,1,1.0,Indiana,Rakeem Christmas,Pacers,IND,2016
406,0.489,830,64,0.312,205,321,26,43,279,470,0.454,1035,395,0.832,475,67,67,2474,79,124,1399,110,132,358,0.485,Chicago,Jimmy Butler,Bulls,CHI,2016
443,0.478,926,24,0.348,69,294,35,146,638,467,0.469,995,229,0.792,289,72,72,2291,155,148,1187,42,164,793,0.481,Chicago,Pau Gasol,Bulls,CHI,2016
403,0.449,898,44,0.293,150,311,27,14,179,447,0.427,1048,142,0.793,179,66,66,2097,46,84,1080,44,175,225,0.448,Chicago,Derrick Rose,Bulls,CHI,2016
263,0.529,497,0,0.0,3,106,30,77,298,263,0.526,500,101,0.692,146,73,55,1936,206,180,627,47,78,504,0.526,Chicago,Taj Gibson,Bulls,CHI,2016
181,0.47,385,110,0.425,259,59,24,6,158,291,0.452,644,72,0.857,84,81,4,1861,37,127,764,14,53,195,0.537,Chicago,Doug McDermott,Bulls,CHI,2016
113,0.43,263,135,0.39,346,100,24,46,304,248,0.407,609,146,0.807,181,66,38,1646,58,151,777,58,102,362,0.518,Chicago,Nikola Mirotić,Bulls,CHI,2016
70,0.38,184,56,0.361,155,63,24,17,180,126,0.372,339,30,0.909,33,64,33,1301,19,100,338,16,52,199,0.454,Chicago,Tony Snell,Bulls,CHI,2016
140,0.491,285,47,0.452,104,99,26,18,114,187,0.481,389,22,0.629,35,59,22,1263,19,103,443,37,53,133,0.541,Chicago,E'Twaun Moore,Bulls,CHI,2016
122,0.43,284,66,0.357,185,180,31,10,80,188,0.401,469,49,0.766,64,69,0,1108,21,132,491,30,82,101,0.471,Chicago,Aaron Brooks,Bulls,CHI,2016
170,0.443,384,16,0.308,52,52,20,22,214,186,0.427,436,48,0.727,66,62,4,1102,123,100,436,25,54,337,0.445,Chicago,Bobby Portis,Bulls,CHI,2016
38,0.427,89,39,0.394,99,39,35,10,75,77,0.41,188,29,0.784,37,31,30,703,8,66,222,14,26,83,0.513,Chicago,Mike Dunleavy,Bulls,CHI,2016
51,0.386,132,0,0.0,1,110,30,29,168,51,0.383,133,22,0.489,45,29,2,635,87,77,124,18,52,255,0.383,Chicago,Joakim Noah,Bulls,CHI,2016
24,0.387,62,23,0.411,56,59,35,1,51,47,0.398,118,15,0.938,16,35,7,555,7,63,132,13,27,58,0.496,Chicago,Kirk Hinrich,Bulls,CHI,2016
38,0.4,95,26,0.433,60,45,26,15,55,64,0.413,155,22,0.815,27,27,4,510,8,40,176,19,26,63,0.497,Chicago,Justin Holiday,Bulls,CHI,2016
40,0.588,68,0,0.0,4,26,23,13,72,40,0.556,72,25,0.714,35,31,4,321,30,31,105,6,13,102,0.556,Chicago,Cristiano Felício,Bulls,CHI,2016
12,0.343,35,1,0.2,5,6,25,3,24,13,0.325,40,7,0.875,8,18,2,103,4,19,34,2,4,28,0.338,Chicago,Cameron Bairstow,Bulls,CHI,2016
302,0.467,647,108,0.362,298,201,26,23,313,410,0.434,945,203,0.749,271,80,80,2856,91,170,1131,67,140,404,0.491,Detroit,Marcus Morris,Pistons,DET,2016
289,0.489,591,114,0.309,369,138,22,17,212,403,0.42,960,185,0.811,228,76,76,2789,70,167,1105,110,105,282,0.479,Detroit,Kentavious Caldwell-Pope,Pistons,DET,2016
550,0.522,1054,2,0.333,6,67,22,112,803,552,0.521,1060,208,0.355,586,81,81,2666,395,245,1314,119,155,1198,0.522,Detroit,Andre Drummond,Pistons,DET,2016
422,0.464,910,118,0.353,334,492,25,11,195,540,0.434,1244,291,0.864,337,79,79,2424,58,187,1489,59,223,253,0.482,Detroit,Reggie Jackson,Pistons,DET,2016
162,0.41,395,63,0.307,205,118,19,12,248,225,0.375,600,80,0.784,102,73,6,1687,58,178,593,55,114,306,0.428,Detroit,Stanley Johnson,Pistons,DET,2016
138,0.471,293,78,0.363,215,55,28,27,183,216,0.425,508,79,0.725,109,52,52,1434,99,120,589,38,59,282,0.502,Detroit,Ersan İlyasova,Pistons,DET,2016
30,0.5,60,98,0.36,272,52,30,16,190,128,0.386,332,29,0.617,47,72,5,1341,39,86,383,26,28,229,0.533,Detroit,Anthony Tolliver,Pistons,DET,2016
194,0.508,382,0,0.0,2,51,29,52,244,194,0.505,384,126,0.764,165,81,1,1233,140,151,514,21,67,384,0.505,Detroit,Aron Baynes,Pistons,DET,2016
41,0.461,89,52,0.344,151,200,35,5,80,93,0.388,240,16,0.8,20,58,2,986,9,70,254,24,81,89,0.496,Detroit,Steve Blake,Pistons,DET,2016
133,0.512,260,33,0.375,88,70,23,12,143,166,0.477,348,82,0.911,90,27,25,903,25,62,447,18,30,168,0.524,Detroit,Tobias Harris,Pistons,DET,2016
21,0.467,45,22,0.415,53,27,24,2,54,43,0.439,98,14,0.933,15,37,0,429,14,29,122,10,8,68,0.551,Detroit,Reggie Bullock,Pistons,DET,2016
29,0.439,66,24,0.312,77,70,26,2,41,53,0.371,143,27,0.711,38,23,1,416,5,24,157,11,22,46,0.455,Detroit,Brandon Jennings,Pistons,DET,2016
33,0.407,81,19,0.38,50,27,22,1,40,52,0.397,131,29,0.725,40,38,2,383,5,28,152,9,19,45,0.469,Detroit,Darrun Hilliard,Pistons,DET,2016
18,0.409,44,1,0.1,10,22,22,0,13,19,0.352,54,19,0.576,33,12,0,159,4,20,58,3,7,17,0.361,Detroit,Spencer Dinwiddie,Pistons,DET,2016
6,0.6,10,0,0.0,0,1,33,12,13,6,0.6,10,6,0.75,8,19,0,96,8,15,18,2,2,21,0.6,Detroit,Joel Anthony,Pistons,DET,2016
3,0.273,11,4,0.444,9,3,28,0,4,7,0.35,20,4,1.0,4,3,0,43,1,2,22,0,1,5,0.45,Detroit,Jodie Meeks,Pistons,DET,2016
0,0.0,1,4,0.444,9,0,26,0,1,4,0.4,10,1,0.5,2,5,0,35,0,3,13,1,2,1,0.6,Detroit,Justin Harper,Pistons,DET,2016
650,0.573,1134,87,0.309,282,514,31,49,454,737,0.52,1416,359,0.731,491,76,76,2709,111,143,1920,104,249,565,0.551,Cleveland,LeBron James,Cavaliers,CLE,2016
251,0.467,538,158,0.36,439,186,27,41,613,409,0.419,977,258,0.822,314,77,77,2424,149,159,1234,58,142,762,0.499,Cleveland,Kevin Love,Cavaliers,CLE,2016
149,0.438,340,204,0.4,510,130,30,21,174,353,0.415,850,45,0.634,71,77,77,2362,43,204,955,81,59,217,0.535,Cleveland,J.R. Smith,Cavaliers,CLE,2016
247,0.588,420,0,0.0,0,62,24,51,470,247,0.588,420,149,0.616,242,82,34,2269,268,202,643,38,61,738,0.588,Cleveland,Tristan Thompson,Cavaliers,CLE,2016
109,0.401,272,98,0.41,239,337,25,9,129,207,0.405,511,57,0.864,66,76,14,1867,33,178,569,44,116,162,0.501,Cleveland,Matthew Dellavedova,Cavaliers,CLE,2016
310,0.502,617,84,0.321,262,249,23,18,113,394,0.448,879,169,0.885,191,53,53,1667,44,107,1041,56,124,157,0.496,Cleveland,Kyrie Irving,Cavaliers,CLE,2016
77,0.554,139,66,0.382,173,59,35,14,113,143,0.458,312,58,0.667,87,74,5,1326,15,129,410,33,43,128,0.564,Cleveland,Richard Jefferson,Cavaliers,CLE,2016
202,0.574,352,1,0.143,7,33,29,57,227,203,0.565,359,68,0.716,95,76,48,1326,110,159,475,22,71,337,0.567,Cleveland,Timofey Mozgov,Cavaliers,CLE,2016
71,0.447,159,43,0.295,146,92,25,19,171,114,0.374,305,40,0.784,51,54,5,1316,32,119,311,54,57,203,0.444,Cleveland,Iman Shumpert,Cavaliers,CLE,2016
96,0.48,200,36,0.353,102,98,33,5,66,132,0.437,302,38,0.905,42,41,14,748,6,60,338,14,57,72,0.497,Cleveland,Mo Williams,Cavaliers,CLE,2016
17,0.447,38,41,0.394,104,14,35,10,42,58,0.408,142,21,0.808,26,48,0,463,8,50,178,11,13,50,0.553,Cleveland,James Jones,Cavaliers,CLE,2016
28,0.596,47,43,0.377,114,26,32,8,81,71,0.441,161,11,0.786,14,26,3,446,12,56,196,8,13,93,0.575,Cleveland,Channing Frye,Cavaliers,CLE,2016
22,0.373,59,10,0.313,32,19,24,2,26,32,0.352,91,30,0.625,48,40,3,355,3,37,104,12,18,29,0.407,Cleveland,Jared Cunningham,Cavaliers,CLE,2016
32,0.427,75,0,0.0,1,20,33,5,67,32,0.421,76,16,0.762,21,31,0,310,24,35,80,11,16,91,0.421,Cleveland,Anderson Varejão,Cavaliers,CLE,2016
16,0.39,41,7,0.636,11,15,24,1,10,23,0.442,52,9,0.692,13,15,1,113,2,10,62,0,9,12,0.51,Cleveland,Jordan McRae,Cavaliers,CLE,2016
9,0.529,17,0,0.0,0,3,30,5,14,9,0.529,17,5,0.455,11,25,0,95,12,11,23,4,7,26,0.529,Cleveland,Sasha Kaun,Cavaliers,CLE,2016
5,0.417,12,1,0.5,2,2,35,2,4,6,0.429,14,0,0.0,0,1,0,42,1,6,13,1,0,5,0.464,Cleveland,Dahntay Jones,Cavaliers,CLE,2016
0,0.0,0,1,0.25,4,2,24,0,3,1,0.25,4,0,0.0,0,5,0,15,0,1,3,0,1,3,0.375,Cleveland,Joe Harris,Cavaliers,CLE,2016
251,0.513,489,88,0.344,256,140,30,29,335,339,0.455,745,145,0.755,192,74,73,2394,108,122,911,74,81,443,0.514,Miami,Luol Deng,Heat,MIA,2016
353,0.527,670,64,0.312,205,419,29,17,223,417,0.477,875,120,0.727,165,72,72,2363,54,188,1018,71,185,277,0.513,Miami,Goran Dragić,Heat,MIA,2016
533,0.468,1139,7,0.159,44,344,34,42,220,540,0.456,1183,322,0.793,406,74,73,2258,82,116,1409,79,203,302,0.459,Miami,Dwyane Wade,Heat,MIA,2016
163,0.471,346,32,0.276,116,117,19,26,322,195,0.422,462,80,0.684,117,78,8,2232,81,184,502,68,95,403,0.457,Miami,Justise Winslow,Heat,MIA,2016
413,0.606,682,0,0.0,0,30,26,269,627,413,0.606,682,214,0.65,329,73,43,2125,238,201,1040,44,137,865,0.606,Miami,Hassan Whiteside,Heat,MIA,2016
277,0.508,545,81,0.365,222,128,31,34,342,358,0.467,767,213,0.795,268,53,53,1778,48,101,1010,36,78,390,0.52,Miami,Chris Bosh,Heat,MIA,2016
146,0.446,327,84,0.323,260,56,30,19,138,230,0.392,587,72,0.783,92,69,14,1557,25,123,616,38,46,163,0.463,Miami,Gerald Green,Heat,MIA,2016
70,0.446,157,53,0.461,115,73,22,25,86,123,0.452,272,42,0.667,63,52,2,1107,21,107,341,36,35,107,0.55,Miami,Josh Richardson,Heat,MIA,2016
91,0.529,172,27,0.38,71,79,23,14,81,118,0.486,243,51,0.797,64,36,5,863,28,66,314,24,47,109,0.541,Miami,Tyler Johnson,Heat,MIA,2016
95,0.569,167,35,0.417,84,86,34,2,53,130,0.518,251,26,0.765,34,24,24,769,15,46,321,21,43,68,0.588,Miami,Joe Johnson,Heat,MIA,2016
125,0.566,221,0,0.0,0,27,33,41,157,125,0.566,221,50,0.746,67,52,36,762,65,92,300,18,47,222,0.566,Miami,Amar'e Stoudemire,Heat,MIA,2016
43,0.434,99,12,0.245,49,81,28,7,83,55,0.372,148,28,0.7,40,42,1,595,22,68,150,18,30,105,0.412,Miami,Josh McRoberts,Heat,MIA,2016
55,0.462,119,11,0.333,33,90,33,0,57,66,0.434,152,15,0.882,17,36,5,587,6,40,158,11,42,63,0.47,Miami,Beno Udrih,Heat,MIA,2016
22,0.423,52,1,0.111,9,14,35,2,65,23,0.377,61,12,0.75,16,37,0,260,10,25,59,5,5,75,0.385,Miami,Udonis Haslem,Heat,MIA,2016
9,0.429,21,1,0.091,11,19,29,1,13,10,0.313,32,12,0.923,13,6,0,120,1,16,33,8,9,14,0.328,Miami,Mario Chalmers,Heat,MIA,2016
2,0.4,5,2,0.4,5,3,37,3,6,4,0.4,10,3,0.75,4,7,1,36,3,4,13,1,2,9,0.5,Miami,Chris Andersen,Heat,MIA,2016
3,0.6,5,0,0.0,0,1,22,0,2,3,0.6,5,1,0.5,2,5,0,14,0,1,7,1,0,2,0.6,Miami,Jarnell Stokes,Heat,MIA,2016
0,0.0,0,0,0.0,0,1,25,0,0,0,0.0,0,0,0.0,0,3,0,7,0,1,0,0,0,0,0.0,Miami,James Ennis,Heat,MIA,2016
1,1.0,1,0,0.0,0,1,23,0,1,1,1.0,1,0,0.0,0,1,0,3,0,1,2,0,0,1,1.0,Miami,Briante Weber,Heat,MIA,2016
273,0.506,539,156,0.4,390,213,23,2,192,429,0.462,929,199,0.836,238,79,71,2566,33,214,1213,96,133,225,0.546,Orlando,Evan Fournier,Magic,ORL,2016
327,0.475,688,98,0.348,282,282,23,54,297,425,0.438,970,205,0.83,247,72,52,2379,48,174,1153,116,153,345,0.489,Orlando,Victor Oladipo,Magic,ORL,2016
288,0.451,638,30,0.326,92,468,21,20,184,318,0.436,730,112,0.589,190,73,69,2145,77,159,778,89,177,261,0.456,Orlando,Elfrid Payton,Magic,ORL,2016
531,0.512,1037,2,0.222,9,179,25,70,402,533,0.51,1046,113,0.753,150,65,60,2037,174,173,1181,53,123,576,0.511,Orlando,Nikola Vučević,Magic,ORL,2016
232,0.531,437,42,0.296,142,128,20,55,353,274,0.473,579,129,0.668,193,78,37,1863,154,153,719,59,66,507,0.509,Orlando,Aaron Gordon,Magic,ORL,2016
204,0.523,390,47,0.311,151,99,23,28,271,251,0.464,541,120,0.784,153,49,49,1610,71,91,669,47,78,342,0.507,Orlando,Tobias Harris,Magic,ORL,2016
114,0.504,226,67,0.349,192,109,20,17,148,181,0.433,418,49,0.907,54,79,9,1413,28,124,478,39,97,176,0.513,Orlando,Mario Hezonja,Magic,ORL,2016
240,0.493,487,4,0.25,16,62,29,65,166,244,0.485,503,54,0.806,67,76,2,1181,53,163,546,33,57,219,0.489,Orlando,Jason Smith,Magic,ORL,2016
105,0.536,196,41,0.36,114,25,26,22,167,146,0.471,310,51,0.785,65,56,0,823,34,69,384,10,41,201,0.537,Orlando,Andrew Nicholson,Magic,ORL,2016
33,0.508,65,48,0.397,121,45,32,20,118,81,0.435,186,19,0.905,21,44,29,754,23,71,229,21,30,141,0.565,Orlando,Channing Frye,Magic,ORL,2016
99,0.559,177,0,0.0,0,13,26,46,161,99,0.559,177,57,0.75,76,58,20,705,67,109,255,22,32,228,0.559,Orlando,Dewayne Dedmon,Magic,ORL,2016
33,0.371,89,14,0.292,48,88,31,5,56,47,0.343,137,34,0.872,39,33,2,656,10,49,142,19,25,66,0.394,Orlando,C.J. Watson,Magic,ORL,2016
34,0.351,97,34,0.327,104,97,24,1,46,68,0.338,201,33,0.733,45,55,0,600,9,38,203,23,46,55,0.423,Orlando,Shabazz Napier,Magic,ORL,2016
32,0.386,83,27,0.346,78,100,26,5,39,59,0.366,161,30,0.75,40,25,6,452,11,33,175,18,35,50,0.45,Orlando,Brandon Jennings,Magic,ORL,2016
46,0.422,109,18,0.409,44,12,28,6,76,64,0.418,153,32,0.711,45,22,4,447,45,51,178,14,12,121,0.477,Orlando,Ersan İlyasova,Magic,ORL,2016
13,0.333,39,8,0.25,32,12,23,1,32,21,0.296,71,10,0.417,24,28,0,249,6,25,60,13,7,38,0.352,Orlando,Devyn Marble,Magic,ORL,2016
2,0.4,5,0,0.0,3,1,23,0,1,2,0.25,8,2,1.0,2,5,0,27,0,5,6,1,3,1,0.25,Orlando,Keith Appling,Magic,ORL,2016
457,0.448,1021,115,0.351,328,789,25,59,337,572,0.424,1349,272,0.791,344,77,77,2784,42,159,1531,145,318,379,0.467,Washington,John Wall,Wizards,WAS,2016
241,0.536,450,98,0.367,267,120,22,32,294,339,0.473,717,95,0.754,126,75,73,2276,97,163,871,105,70,391,0.541,Washington,Otto Porter,Wizards,WAS,2016
433,0.567,763,0,0.0,1,106,31,96,519,433,0.567,764,146,0.705,207,75,74,2256,222,193,1012,47,121,741,0.567,Washington,Marcin Gortat,Wizards,WAS,2016
133,0.534,249,100,0.42,238,170,30,18,232,233,0.478,487,72,0.735,98,81,41,2098,54,190,638,75,80,286,0.581,Washington,Jared Dudley,Wizards,WAS,2016
112,0.453,247,89,0.345,258,140,29,18,176,201,0.398,505,91,0.728,125,80,43,1951,36,195,582,69,64,212,0.486,Washington,Garrett Temple,Wizards,WAS,2016
254,0.481,528,105,0.387,271,162,22,11,147,359,0.449,799,135,0.767,176,55,35,1708,41,117,958,54,112,188,0.515,Washington,Bradley Beal,Wizards,WAS,2016
244,0.507,481,36,0.324,111,239,29,5,178,280,0.473,592,214,0.756,283,82,5,1667,25,102,810,46,115,203,0.503,Washington,Ramon Sessions,Wizards,WAS,2016
209,0.549,381,0,0.0,3,97,33,26,207,209,0.544,384,107,0.578,185,57,11,1094,52,156,525,54,76,259,0.544,Washington,Nenê Hilário,Wizards,WAS,2016
110,0.489,225,41,0.41,100,47,31,1,72,151,0.465,325,47,0.855,55,40,2,807,11,55,390,20,29,83,0.528,Washington,Gary Neal,Wizards,WAS,2016
109,0.524,208,25,0.316,79,37,26,17,128,134,0.467,287,42,0.764,55,27,21,712,30,80,335,25,45,158,0.51,Washington,Markieff Morris,Wizards,WAS,2016
65,0.492,132,25,0.316,79,13,20,7,108,90,0.427,211,31,0.633,49,63,9,671,25,100,236,22,34,133,0.486,Washington,Kelly Oubre,Wizards,WAS,2016
41,0.451,91,23,0.343,67,16,30,14,89,64,0.405,158,29,0.935,31,28,14,466,26,42,180,3,20,115,0.478,Washington,Kris Humphries,Wizards,WAS,2016
26,0.419,62,7,0.171,41,13,34,11,57,33,0.32,103,9,0.643,14,30,0,305,28,40,82,8,13,85,0.354,Washington,Drew Gooden,Wizards,WAS,2016
24,0.453,53,18,0.333,54,19,28,1,28,42,0.393,107,16,0.762,21,14,2,224,7,17,118,13,11,35,0.477,Washington,Marcus Thornton,Wizards,WAS,2016
28,0.418,67,0,0.0,1,11,26,2,37,28,0.412,68,5,0.385,13,29,0,218,20,53,61,8,15,57,0.412,Washington,DeJuan Blair,Wizards,WAS,2016
9,0.409,22,12,0.324,37,14,33,1,26,21,0.356,59,11,0.733,15,13,0,192,1,25,65,4,2,27,0.458,Washington,Alan Anderson,Wizards,WAS,2016
5,0.278,18,15,0.319,47,5,24,1,21,20,0.308,65,8,1.0,8,26,0,147,2,5,63,5,1,23,0.423,Washington,Jarell Eddie,Wizards,WAS,2016
25,0.556,45,0,0.0,1,7,27,2,28,25,0.543,46,19,0.432,44,15,0,131,17,12,69,5,9,45,0.543,Washington,J.J. Hickson,Wizards,WAS,2016
4,0.571,7,0,0.0,0,0,31,1,4,4,0.571,7,0,0.0,0,5,3,48,7,4,8,0,3,11,0.571,Washington,Ryan Hollins,Wizards,WAS,2016
386,0.459,841,182,0.371,490,421,25,39,301,568,0.427,1331,371,0.847,438,81,81,2885,56,111,1689,126,171,357,0.495,Charlotte,Kemba Walker,Hornets,CHO,2016
233,0.492,474,139,0.348,399,403,27,43,373,372,0.426,873,163,0.849,192,70,70,2448,55,114,1046,65,205,428,0.506,Charlotte,Nicolas Batum,Hornets,CHO,2016
186,0.504,369,152,0.402,378,110,29,77,394,338,0.452,747,120,0.833,144,81,81,2338,127,133,948,58,62,521,0.554,Charlotte,Marvin Williams,Hornets,CHO,2016
224,0.446,502,76,0.336,226,235,27,42,211,300,0.412,728,238,0.815,292,78,13,2048,42,165,914,58,150,253,0.464,Charlotte,Jeremy Lin,Hornets,CHO,2016
230,0.539,427,1,0.1,10,71,23,63,317,231,0.529,437,175,0.754,232,73,60,1774,138,204,638,57,68,455,0.53,Charlotte,Cody Zeller,Hornets,CHO,2016
147,0.455,323,68,0.337,202,98,22,43,266,215,0.41,525,108,0.73,148,81,3,1708,69,126,606,38,58,335,0.474,Charlotte,Frank Kaminsky,Hornets,CHO,2016
174,0.529,329,56,0.309,181,77,23,30,208,230,0.451,510,64,0.727,88,66,0,1227,44,105,580,42,50,252,0.506,Charlotte,Jeremy Lamb,Hornets,CHO,2016
245,0.485,505,0,0.0,0,70,31,41,244,245,0.485,505,72,0.649,111,47,18,1096,57,117,562,30,34,301,0.485,Charlotte,Al Jefferson,Hornets,CHO,2016
86,0.422,204,38,0.373,102,109,27,27,193,124,0.405,306,54,0.831,65,57,6,1035,51,111,340,22,58,244,0.467,Charlotte,Spencer Hawes,Hornets,CHO,2016
45,0.433,104,54,0.314,172,29,23,7,110,99,0.359,276,34,0.81,42,48,43,938,18,106,286,24,24,128,0.457,Charlotte,P.J. Hairston,Hornets,CHO,2016
67,0.475,141,31,0.392,79,60,30,12,77,98,0.445,220,23,0.885,26,28,28,845,10,55,250,33,23,87,0.516,Charlotte,Courtney Lee,Hornets,CHO,2016
30,0.462,65,59,0.484,122,21,24,3,50,89,0.476,187,5,0.556,9,43,0,476,7,40,242,11,24,57,0.634,Charlotte,Troy Daniels,Hornets,CHO,2016
30,0.441,68,2,0.667,3,8,30,7,49,32,0.451,71,38,0.585,65,44,0,343,40,55,104,12,12,89,0.465,Charlotte,Tyler Hansbrough,Hornets,CHO,2016
42,0.477,88,9,0.333,27,38,30,1,25,51,0.443,115,34,0.919,37,30,0,333,4,23,145,7,16,29,0.483,Charlotte,Brian Roberts,Hornets,CHO,2016
30,0.556,54,3,0.429,7,9,22,3,33,33,0.541,61,20,0.69,29,7,7,205,12,9,89,3,8,45,0.566,Charlotte,Michael Kidd-Gilchrist,Hornets,CHO,2016
2,0.222,9,3,0.3,10,2,21,0,11,5,0.263,19,5,0.417,12,21,0,93,4,10,18,6,4,15,0.342,Charlotte,Aaron Harrison,Hornets,CHO,2016
6,0.667,9,0,0.0,2,17,27,0,7,6,0.545,11,10,0.909,11,12,0,63,0,3,22,3,6,7,0.545,Charlotte,Jorge Gutiérrez,Hornets,CHO,2016
427,0.512,834,74,0.319,232,265,30,139,534,501,0.47,1066,309,0.757,408,81,81,2647,198,237,1385,147,191,732,0.505,Atlanta,Paul Millsap,Hawks,ATL,2016
441,0.557,792,88,0.344,256,263,29,121,448,529,0.505,1048,103,0.798,129,82,82,2631,148,163,1249,68,107,596,0.547,Atlanta,Al Horford,Hawks,ATL,2016
110,0.502,219,158,0.398,397,164,34,35,246,268,0.435,616,45,0.833,54,80,80,2401,14,161,739,60,98,260,0.563,Atlanta,Kyle Korver,Hawks,ATL,2016
324,0.454,713,110,0.4,275,470,27,24,181,434,0.439,988,261,0.837,312,79,78,2255,33,167,1239,97,218,214,0.495,Atlanta,Jeff Teague,Hawks,ATL,2016
211,0.502,420,109,0.357,305,171,26,38,351,320,0.441,725,123,0.815,151,75,68,2083,28,176,872,98,138,379,0.517,Atlanta,Kent Bazemore,Hawks,ATL,2016
146,0.589,248,42,0.339,124,107,31,37,282,188,0.505,372,62,0.626,99,75,11,1758,52,109,480,85,68,334,0.562,Atlanta,Thabo Sefolosha,Hawks,ATL,2016
252,0.465,542,77,0.322,239,349,22,9,179,329,0.421,781,144,0.791,182,80,6,1621,25,138,879,70,183,204,0.471,Atlanta,Dennis Schröder,Hawks,ATL,2016
114,0.523,218,62,0.392,158,78,27,17,153,176,0.468,376,50,0.794,63,75,0,1146,53,102,464,25,42,206,0.551,Atlanta,Mike Scott,Hawks,ATL,2016
66,0.537,123,48,0.338,142,51,23,7,79,114,0.43,265,50,0.893,56,51,1,864,7,48,326,21,23,86,0.521,Atlanta,Tim Hardaway,Hawks,ATL,2016
81,0.529,153,0,0.0,2,30,31,12,75,81,0.523,155,39,0.813,48,36,2,579,45,71,201,20,24,120,0.523,Atlanta,Tiago Splitter,Hawks,ATL,2016
64,0.566,113,12,0.308,39,34,24,27,79,76,0.5,152,31,0.795,39,60,0,565,38,72,195,13,27,117,0.539,Atlanta,Mike Muscala,Hawks,ATL,2016
16,0.516,31,12,0.245,49,39,24,2,46,28,0.35,80,16,0.727,22,35,0,395,4,45,84,9,23,50,0.425,Atlanta,Lamar Patterson,Hawks,ATL,2016
39,0.557,70,8,0.258,31,13,30,7,51,47,0.465,101,32,0.711,45,21,0,295,20,44,134,10,14,71,0.505,Atlanta,Kris Humphries,Hawks,ATL,2016
14,0.5,28,10,0.222,45,11,26,4,23,24,0.329,73,5,0.5,10,26,1,263,4,21,63,13,13,27,0.397,Atlanta,Justin Holiday,Hawks,ATL,2016
36,0.529,68,4,0.148,27,38,25,0,20,40,0.421,95,9,0.75,12,24,0,179,2,7,93,8,14,22,0.442,Atlanta,Shelvin Mack,Hawks,ATL,2016
1,0.2,5,1,0.167,6,14,35,1,11,2,0.182,11,0,0.0,0,11,0,76,1,1,5,2,3,12,0.227,Atlanta,Kirk Hinrich,Hawks,ATL,2016
11,0.579,19,0,0.0,0,3,23,6,14,11,0.579,19,3,0.375,8,11,0,73,7,8,25,1,5,21,0.579,Atlanta,Edy Tavares,Hawks,ATL,2016
254,0.543,468,105,0.354,297,147,21,18,166,359,0.469,765,109,0.82,133,76,76,2439,54,143,932,97,98,220,0.538,Denver,Gary Harris,Nuggets,DEN,2016
313,0.476,658,112,0.345,325,203,25,39,417,425,0.432,983,216,0.806,268,82,1,2353,59,147,1178,71,139,476,0.489,Denver,Will Barton,Nuggets,DEN,2016
255,0.379,673,74,0.319,232,372,19,35,200,329,0.364,905,140,0.67,209,68,66,2068,32,141,872,65,217,232,0.404,Denver,Emmanuel Mudiay,Nuggets,DEN,2016
200,0.434,461,87,0.364,239,135,27,19,229,287,0.41,700,375,0.868,432,53,53,1839,52,87,1036,42,77,281,0.472,Denver,Danilo Gallinari,Nuggets,DEN,2016
279,0.541,516,28,0.333,84,189,20,50,379,307,0.512,600,154,0.811,190,80,55,1733,181,208,796,79,104,560,0.535,Denver,Nikola Jokić,Nuggets,DEN,2016
348,0.558,624,1,0.5,2,79,26,60,346,349,0.558,626,136,0.613,222,67,64,1694,235,169,835,32,91,581,0.558,Denver,Kenneth Faried,Nuggets,DEN,2016
176,0.473,372,45,0.385,117,96,27,48,207,221,0.452,489,40,0.755,53,70,16,1516,86,185,527,53,66,293,0.498,Denver,Darrell Arthur,Nuggets,DEN,2016
67,0.409,164,50,0.296,169,112,32,16,89,117,0.351,333,39,0.83,47,54,7,1070,16,83,323,26,58,105,0.426,Denver,Randy Foye,Nuggets,DEN,2016
182,0.557,327,13,0.245,53,56,24,15,213,195,0.513,380,62,0.899,69,59,15,1041,77,115,465,13,54,290,0.53,Denver,Joffrey Lauvergne,Nuggets,DEN,2016
70,0.429,163,43,0.299,144,190,33,5,96,113,0.368,307,30,0.857,35,39,15,1036,19,100,299,25,66,115,0.438,Denver,Jameer Nelson,Nuggets,DEN,2016
58,0.475,122,44,0.411,107,132,28,2,49,102,0.445,229,77,0.819,94,28,0,659,3,44,325,25,54,52,0.541,Denver,D.J. Augustin,Nuggets,DEN,2016
101,0.423,239,0,0.0,3,40,21,44,110,101,0.417,242,61,0.616,99,32,3,547,65,91,263,24,55,175,0.417,Denver,Jusuf Nurkić,Nuggets,DEN,2016
46,0.535,86,8,0.276,29,16,22,17,45,54,0.47,115,18,0.72,25,26,22,469,16,51,134,12,19,61,0.504,Denver,JaKarr Sampson,Nuggets,DEN,2016
3,0.3,10,19,0.365,52,40,35,4,47,22,0.355,62,0,0.0,0,47,2,373,6,53,63,13,17,53,0.508,Denver,Mike Miller,Nuggets,DEN,2016
55,0.505,109,0,0.0,0,16,27,12,65,55,0.505,109,27,0.458,59,20,9,305,22,35,137,10,16,87,0.505,Denver,J.J. Hickson,Nuggets,DEN,2016
12,0.4,30,13,0.325,40,15,23,6,23,25,0.357,70,13,0.765,17,21,0,305,8,40,76,7,6,31,0.45,Denver,Axel Toupane,Nuggets,DEN,2016
14,0.412,34,10,0.313,32,16,25,5,32,24,0.364,66,9,0.643,14,26,6,294,8,24,67,13,21,40,0.439,Denver,Kostas Papanikolaou,Nuggets,DEN,2016
4,1.0,4,4,0.235,17,3,26,0,4,8,0.381,21,7,0.875,8,8,0,82,2,7,27,2,4,6,0.476,Denver,Sean Kilpatrick,Nuggets,DEN,2016
0,0.0,0,0,0.0,1,1,24,0,1,0,0.0,1,0,0.0,0,3,0,7,0,0,0,0,0,1,0.0,Denver,Erick Green,Nuggets,DEN,2016
378,0.477,792,143,0.349,410,296,25,27,336,521,0.433,1202,393,0.824,477,80,80,2893,61,183,1578,95,202,397,0.493,Uath,Gordon Hayward,Jazz,UTA,2016
247,0.472,523,161,0.359,449,213,23,16,229,408,0.42,972,172,0.86,200,79,79,2541,38,202,1149,73,125,267,0.503,Uath,Rodney Hood,Jazz,UTA,2016
418,0.518,807,0,0.0,4,94,24,91,334,418,0.515,811,180,0.709,254,62,59,1983,169,150,1016,74,104,503,0.515,Uath,Derrick Favors,Jazz,UTA,2016
198,0.559,354,0,0.0,0,91,23,135,460,198,0.559,354,161,0.569,283,61,60,1932,208,163,557,45,114,668,0.559,Uath,Rudy Gobert,Jazz,UTA,2016
178,0.513,347,12,0.293,41,84,28,41,286,190,0.49,388,71,0.67,106,79,2,1632,166,169,463,59,81,452,0.505,Uath,Trevor Booker,Jazz,UTA,2016
116,0.453,256,64,0.395,162,174,23,2,103,180,0.431,418,52,0.743,70,81,53,1499,17,122,476,62,109,120,0.507,Uath,Raul Neto,Jazz,UTA,2016
142,0.461,308,49,0.383,128,59,20,18,240,191,0.438,436,57,0.695,82,80,33,1382,59,114,488,26,65,299,0.494,Uath,Trey Lyles,Jazz,UTA,2016
174,0.46,378,88,0.344,256,148,23,6,94,262,0.413,634,67,0.817,82,64,0,1366,18,86,679,35,80,112,0.483,Uath,Trey Burke,Jazz,UTA,2016
43,0.531,81,81,0.386,210,96,28,4,132,124,0.426,291,13,0.722,18,81,2,1241,19,98,342,55,65,151,0.565,Uath,Joe Ingles,Jazz,UTA,2016
107,0.482,222,35,0.357,98,149,25,3,95,142,0.444,320,36,0.735,49,28,27,879,11,65,355,26,81,106,0.498,Uath,Shelvin Mack,Jazz,UTA,2016
45,0.474,95,27,0.273,99,45,25,20,105,72,0.371,194,34,0.81,42,70,2,857,27,100,205,32,40,132,0.441,Uath,Chris Johnson,Jazz,UTA,2016
105,0.412,255,32,0.405,79,63,24,4,93,137,0.41,334,106,0.752,141,31,3,797,16,71,412,18,51,109,0.458,Uath,Alec Burks,Jazz,UTA,2016
87,0.544,160,0,0.0,2,20,25,53,117,87,0.537,162,43,0.729,59,51,10,658,56,75,217,21,28,173,0.537,Uath,Jeff Withey,Jazz,UTA,2016
10,0.37,27,1,0.083,12,19,28,3,29,11,0.282,39,13,0.722,18,20,0,173,6,33,36,7,9,35,0.295,Uath,Elijah Millsap,Jazz,UTA,2016
11,0.478,23,0,0.0,2,2,26,2,9,11,0.44,25,2,1.0,2,12,0,82,6,19,24,1,8,15,0.44,Uath,Tibor Pleiß,Jazz,UTA,2016
4,0.5,8,1,0.25,4,2,24,0,2,5,0.417,12,2,1.0,2,6,0,35,3,4,13,1,0,5,0.458,Uath,Erick Green,Jazz,UTA,2016
0,0.0,1,0,0.0,0,0,23,0,1,0,0.0,1,0,0.0,0,2,0,6,0,1,0,1,0,1,0.0,Uath,J.J. O'Brien,Jazz,UTA,2016
555,0.503,1103,101,0.296,341,834,27,20,481,656,0.454,1444,465,0.812,573,80,80,2750,145,200,1878,163,342,626,0.489,Oklahoma City,Russell Westbrook,Thunder,OKC,2016
512,0.569,900,186,0.387,481,361,27,85,544,698,0.505,1381,447,0.898,498,72,72,2578,45,137,2029,69,250,589,0.573,Oklahoma City,Kevin Durant,Thunder,OKC,2016
356,0.52,685,60,0.326,184,66,26,148,392,416,0.479,869,91,0.752,121,78,78,2500,141,211,983,38,108,533,0.513,Oklahoma City,Serge Ibaka,Thunder,OKC,2016
196,0.421,466,86,0.358,240,154,24,15,166,282,0.399,706,112,0.713,157,78,15,2152,36,143,762,81,120,202,0.46,Oklahoma City,Dion Waiters,Thunder,OKC,2016
261,0.613,426,0,0.0,0,62,22,89,314,261,0.613,426,114,0.582,196,80,80,2014,219,223,636,42,84,533,0.613,Oklahoma City,Steven Adams,Thunder,OKC,2016
404,0.579,698,10,0.476,21,33,23,33,415,414,0.576,719,200,0.797,251,82,1,1721,249,166,1038,26,115,664,0.583,Oklahoma City,Enes Kanter,Thunder,OKC,2016
104,0.608,171,32,0.311,103,47,24,42,172,136,0.496,274,33,0.611,54,70,70,1553,79,133,337,53,35,251,0.555,Oklahoma City,Andre Roberson,Thunder,OKC,2016
56,0.452,124,30,0.309,97,24,27,9,91,86,0.389,221,29,0.659,44,68,2,977,50,120,231,30,32,141,0.457,Oklahoma City,Kyle Singler,Thunder,OKC,2016
57,0.442,129,79,0.387,204,24,30,5,52,136,0.408,333,29,0.744,39,68,6,926,10,64,380,22,17,62,0.527,Oklahoma City,Anthony Morrow,Thunder,OKC,2016
50,0.467,107,0,0.0,2,52,35,16,103,50,0.459,109,23,0.697,33,59,4,699,68,107,123,15,50,171,0.459,Oklahoma City,Nick Collison,Thunder,OKC,2016
78,0.467,167,36,0.324,111,108,21,6,76,114,0.41,278,19,0.792,24,57,1,698,9,80,283,36,44,85,0.475,Oklahoma City,Cameron Payne,Thunder,OKC,2016
27,0.397,68,25,0.309,81,49,32,13,43,52,0.349,149,22,0.815,27,27,1,572,8,48,151,13,28,51,0.433,Oklahoma City,Randy Foye,Thunder,OKC,2016
22,0.367,60,24,0.393,61,66,28,2,38,46,0.38,121,26,0.765,34,34,0,519,5,41,142,13,30,43,0.479,Oklahoma City,D.J. Augustin,Thunder,OKC,2016
11,0.579,19,0,0.0,4,3,23,2,14,11,0.478,23,4,0.4,10,20,0,72,4,10,26,1,7,18,0.478,Oklahoma City,Mitch McGary,Thunder,OKC,2016
1,0.167,6,4,0.667,6,0,24,2,8,5,0.417,12,0,0.0,4,5,0,55,2,3,14,1,3,10,0.583,Oklahoma City,Josh Huestis,Thunder,OKC,2016
1,0.333,3,5,0.556,9,0,32,0,4,6,0.5,12,0,0.0,0,7,0,24,0,1,17,0,1,4,0.708,Oklahoma City,Steve Novak,Thunder,OKC,2016
3,0.6,5,0,0.0,0,0,38,0,3,3,0.6,5,2,1.0,2,5,0,19,1,4,8,0,3,4,0.6,Oklahoma City,Nazr Mohammed,Thunder,OKC,2016
444,0.463,959,197,0.417,472,341,24,23,212,641,0.448,1431,187,0.827,226,80,80,2780,47,187,1666,97,196,259,0.517,Portland,CJ McCollum,Trail Blazers,POR,2016
389,0.45,864,229,0.375,610,512,25,28,257,618,0.419,1474,414,0.892,464,75,75,2676,45,165,1879,65,242,302,0.497,Portland,Damian Lillard,Trail Blazers,POR,2016
173,0.468,370,126,0.361,349,138,25,53,401,299,0.416,719,115,0.737,156,82,82,2341,98,171,839,72,120,499,0.503,Portland,Al-Farouq Aminu,Trail Blazers,POR,2016
199,0.506,393,112,0.393,285,99,23,16,189,311,0.459,678,98,0.867,113,81,8,2105,27,192,832,63,64,216,0.541,Portland,Allen Crabbe,Trail Blazers,POR,2016
267,0.52,513,0,0.0,4,226,25,85,427,267,0.516,517,215,0.642,335,82,82,2084,201,253,749,68,154,628,0.516,Portland,Mason Plumlee,Trail Blazers,POR,2016
206,0.611,337,0,0.0,0,88,26,72,375,206,0.611,337,114,0.559,204,81,0,1684,224,202,526,57,64,599,0.611,Portland,Ed Davis,Trail Blazers,POR,2016
156,0.576,271,39,0.279,140,67,22,35,179,195,0.474,411,69,0.622,111,78,14,1457,101,124,498,49,62,280,0.522,Portland,Maurice Harkless,Trail Blazers,POR,2016
184,0.468,393,48,0.353,136,75,28,19,181,232,0.439,529,112,0.767,146,72,0,1431,30,87,624,39,68,211,0.484,Portland,Gerald Henderson,Trail Blazers,POR,2016
109,0.527,207,86,0.377,228,92,23,18,263,195,0.448,435,35,0.761,46,61,10,1333,51,183,511,8,77,314,0.547,Portland,Meyers Leonard,Trail Blazers,POR,2016
106,0.457,232,11,0.239,46,30,20,26,214,117,0.421,278,38,0.745,51,78,56,1174,91,152,283,27,50,305,0.441,Portland,Noah Vonleh,Trail Blazers,POR,2016
17,0.395,43,3,0.176,17,42,25,1,28,20,0.333,60,8,0.533,15,35,1,272,11,31,51,10,27,39,0.358,Portland,Tim Frazier,Trail Blazers,POR,2016
8,0.286,28,5,0.238,21,10,23,0,21,13,0.265,49,5,1.0,5,34,0,143,11,6,36,2,10,32,0.316,Portland,Pat Connaughton,Trail Blazers,POR,2016
17,0.486,35,6,0.4,15,16,30,1,10,23,0.46,50,8,0.8,10,21,0,137,2,12,60,3,7,12,0.52,Portland,Brian Roberts,Trail Blazers,POR,2016
19,0.487,39,1,0.25,4,11,33,1,17,20,0.465,43,3,1.0,3,16,2,112,7,15,44,1,8,24,0.477,Portland,Chris Kaman,Trail Blazers,POR,2016
4,0.4,10,1,0.111,9,1,22,0,4,5,0.263,19,3,0.75,4,12,0,42,0,1,14,0,4,4,0.289,Portland,Luis Montero,Trail Blazers,POR,2016
5,0.5,10,0,0.0,0,0,20,2,4,5,0.5,10,0,0.0,0,8,0,36,2,1,10,1,1,6,0.5,Portland,Cliff Alexander,Trail Blazers,POR,2016
537,0.486,1104,57,0.3,190,164,20,46,186,594,0.459,1294,430,0.761,565,81,81,2845,105,165,1675,78,182,291,0.481,Minnesota,Andrew Wiggins,Timberwolves,MIN,2016
595,0.559,1065,30,0.341,88,161,20,138,629,625,0.542,1153,223,0.811,275,82,82,2627,229,245,1503,58,183,858,0.555,Minnesota,Karl-Anthony Towns,Timberwolves,MIN,2016
157,0.396,396,62,0.326,190,658,25,10,286,219,0.374,586,266,0.847,314,76,76,2323,40,201,766,162,193,326,0.427,Minnesota,Ricky Rubio,Timberwolves,MIN,2016
310,0.482,643,123,0.389,316,251,20,17,201,433,0.452,959,161,0.793,203,82,33,2294,27,193,1150,69,155,228,0.516,Minnesota,Zach LaVine,Timberwolves,MIN,2016
302,0.54,559,6,0.3,20,143,26,96,428,308,0.532,579,205,0.827,248,82,39,2220,157,219,827,94,140,585,0.537,Minnesota,Gorgui Dieng,Timberwolves,MIN,2016
273,0.516,529,44,0.289,152,52,23,7,167,317,0.465,681,185,0.764,242,82,0,1682,100,94,863,24,70,267,0.498,Minnesota,Shabazz Muhammad,Timberwolves,MIN,2016
98,0.476,206,4,0.174,23,73,35,13,115,102,0.445,229,13,0.684,19,77,44,1462,32,62,221,36,27,147,0.454,Minnesota,Tayshaun Prince,Timberwolves,MIN,2016
62,0.564,110,48,0.384,125,83,27,21,161,110,0.468,235,40,0.727,55,60,0,1075,49,154,308,26,47,210,0.57,Minnesota,Nemanja Bjelica,Timberwolves,MIN,2016
88,0.381,231,38,0.369,103,46,32,1,71,126,0.377,334,125,0.88,142,39,12,834,10,68,415,17,41,81,0.434,Minnesota,Kevin Martin,Timberwolves,MIN,2016
40,0.388,103,16,0.302,53,108,19,3,40,56,0.359,156,28,0.718,39,37,0,573,7,33,156,31,33,47,0.41,Minnesota,Tyus Jones,Timberwolves,MIN,2016
54,0.474,114,0,0.0,1,62,39,10,135,54,0.47,115,14,0.667,21,38,38,556,15,70,122,28,16,150,0.47,Minnesota,Kevin Garnett,Timberwolves,MIN,2016
44,0.389,113,9,0.281,32,29,24,11,91,53,0.366,145,17,0.654,26,52,2,486,20,77,132,16,36,111,0.397,Minnesota,Adreian Payne,Timberwolves,MIN,2016
35,0.648,54,1,0.25,4,58,39,0,18,36,0.621,58,15,0.789,19,26,0,280,6,32,88,9,25,24,0.629,Minnesota,Andre Miller,Timberwolves,MIN,2016
8,0.667,12,17,0.34,50,11,29,1,15,25,0.403,62,8,1.0,8,33,0,277,5,33,75,3,13,20,0.54,Minnesota,Damjan Rudež,Timberwolves,MIN,2016
18,0.563,32,0,0.0,0,6,25,1,30,18,0.563,32,7,0.412,17,18,0,192,12,28,43,4,7,42,0.563,Minnesota,Greg Smith,Timberwolves,MIN,2016
19,0.38,50,0,0.0,0,11,30,0,14,19,0.38,50,16,0.8,20,12,3,156,7,22,54,1,9,21,0.38,Minnesota,Nikola Peković,Timberwolves,MIN,2016
364,0.468,778,111,0.347,320,192,23,7,220,475,0.433,1098,164,0.804,204,79,79,2552,93,168,1225,88,135,313,0.483,Los Angeles,Jordan Clarkson,Lakers,LAL,2016
348,0.436,799,10,0.278,36,144,21,29,657,358,0.429,835,193,0.715,270,81,60,2286,172,242,919,53,149,829,0.435,Los Angeles,Julius Randle,Lakers,LAL,2016
262,0.447,586,130,0.351,370,266,19,13,227,392,0.41,956,140,0.737,190,80,48,2259,47,142,1054,93,196,274,0.478,Los Angeles,D'Angelo Russell,Lakers,LAL,2016
173,0.464,373,110,0.344,320,167,29,19,138,283,0.408,693,352,0.83,424,67,35,1907,31,107,1028,62,107,169,0.488,Los Angeles,Lou Williams,Lakers,LAL,2016
182,0.445,409,0,0.0,2,95,29,110,266,182,0.443,411,117,0.807,145,81,81,1878,132,252,481,32,76,398,0.443,Los Angeles,Roy Hibbert,Lakers,LAL,2016
265,0.41,646,133,0.285,467,184,37,13,206,398,0.358,1113,232,0.826,281,66,66,1863,41,115,1161,62,129,247,0.417,Los Angeles,Kobe Bryant,Lakers,LAL,2016
174,0.552,315,0,0.0,2,74,30,55,181,174,0.549,317,125,0.845,148,66,0,1342,104,125,473,33,42,285,0.549,Los Angeles,Brandon Bass,Lakers,LAL,2016
157,0.541,290,1,0.1,10,44,23,23,211,158,0.527,300,32,0.681,47,63,22,1266,101,124,349,54,41,312,0.528,Los Angeles,Larry Nance,Lakers,LAL,2016
49,0.363,135,77,0.325,237,34,30,7,83,126,0.339,372,63,0.829,76,54,2,1033,14,50,392,23,30,97,0.442,Los Angeles,Nick Young,Lakers,LAL,2016
81,0.479,169,16,0.262,61,182,32,7,72,97,0.422,230,27,0.931,29,53,0,869,18,76,237,26,80,90,0.457,Los Angeles,Marcelo Huertas,Lakers,LAL,2016
19,0.339,56,20,0.286,70,19,23,5,61,39,0.31,126,17,0.85,20,29,11,599,9,34,115,14,15,70,0.389,Los Angeles,Anthony Brown,Lakers,LAL,2016
29,0.312,93,26,0.31,84,27,36,11,70,55,0.311,177,40,0.702,57,35,5,590,19,67,176,22,15,89,0.384,Los Angeles,Metta World Peace,Lakers,LAL,2016
57,0.548,104,0,0.0,0,16,24,18,113,57,0.548,104,19,0.422,45,39,0,496,44,78,133,14,22,157,0.548,Los Angeles,Tarik Black,Lakers,LAL,2016
50,0.446,112,5,0.135,37,20,24,10,100,55,0.369,149,37,0.685,54,36,0,470,21,39,152,13,18,121,0.386,Los Angeles,Ryan Kelly,Lakers,LAL,2016
31,0.413,75,0,0.0,0,14,26,10,40,31,0.413,75,25,0.658,38,25,1,320,32,43,87,4,12,72,0.413,Los Angeles,Robert Sacre,Lakers,LAL,2016
357,0.704,507,0,0.0,1,90,27,177,792,357,0.703,508,266,0.43,619,77,77,2598,267,207,980,51,107,1059,0.703,Los Angeles,DeAndre Jordan,Clippers,LAC,2016
393,0.501,785,122,0.371,329,738,30,13,271,515,0.462,1114,294,0.896,328,74,74,2420,39,185,1446,152,194,310,0.517,Los Angeles,Chris Paul,Clippers,LAC,2016
262,0.44,595,117,0.34,344,183,35,12,125,379,0.404,939,245,0.904,271,79,5,2126,20,122,1120,52,113,145,0.466,Los Angeles,Jamal Crawford,Clippers,LAC,2016
222,0.484,459,200,0.475,421,106,31,5,129,422,0.48,880,182,0.888,205,75,75,2097,10,135,1226,42,78,139,0.593,Los Angeles,J.J. Redick,Clippers,LAC,2016
105,0.51,206,103,0.333,309,49,28,56,211,208,0.404,515,30,0.652,46,80,9,1666,37,173,549,89,54,248,0.504,Los Angeles,Wesley Johnson,Clippers,LAC,2016
164,0.495,331,62,0.335,185,99,23,9,108,226,0.438,516,79,0.681,116,67,7,1464,22,137,593,48,61,130,0.498,Los Angeles,Austin Rivers,Clippers,LAC,2016
81,0.485,167,13,0.325,40,30,29,19,111,94,0.454,207,30,0.526,57,75,61,1274,60,100,231,44,34,171,0.486,Los Angeles,Luc Mbah a Moute,Clippers,LAC,2016
69,0.445,155,75,0.31,242,71,38,17,174,144,0.363,397,54,0.818,66,68,38,1231,12,129,417,33,58,186,0.457,Los Angeles,Paul Pierce,Clippers,LAC,2016
295,0.504,585,6,0.333,18,170,26,17,243,301,0.499,603,141,0.727,194,35,35,1170,51,95,749,28,83,294,0.504,Los Angeles,Blake Griffin,Clippers,LAC,2016
27,0.519,52,28,0.295,95,130,38,1,76,55,0.374,147,7,0.875,8,59,3,823,38,82,145,53,49,114,0.469,Los Angeles,Pablo Prigioni,Clippers,LAC,2016
134,0.596,225,0,0.0,0,50,27,68,202,134,0.596,225,60,0.714,84,60,5,800,86,139,328,47,64,288,0.596,Los Angeles,Cole Aldrich,Clippers,LAC,2016
89,0.468,190,25,0.325,77,40,29,21,72,114,0.427,267,40,0.615,65,27,10,709,19,62,293,18,24,91,0.474,Los Angeles,Jeff Green,Clippers,LAC,2016
63,0.529,119,19,0.404,47,60,25,3,89,82,0.494,166,21,0.7,30,43,10,680,19,79,204,24,48,108,0.551,Los Angeles,Lance Stephenson,Clippers,LAC,2016
51,0.418,122,18,0.31,58,42,30,34,92,69,0.383,180,25,0.595,42,32,1,459,33,62,181,18,41,125,0.433,Los Angeles,Josh Smith,Clippers,LAC,2016
17,0.395,43,9,0.391,23,10,25,2,11,26,0.394,66,9,0.75,12,23,0,167,1,15,70,10,2,12,0.462,Los Angeles,C.J. Wilcox,Clippers,LAC,2016
12,0.545,22,0,0.0,1,5,28,3,18,12,0.522,23,6,1.0,6,17,0,107,4,18,30,0,6,22,0.522,Los Angeles,Jeff Ayres,Clippers,LAC,2016
2,0.4,5,0,0.0,0,0,22,1,2,2,0.4,5,1,1.0,1,6,0,29,2,2,5,0,0,4,0.4,Los Angeles,Branden Dawson,Clippers,LAC,2016
1,1.0,1,0,0.0,0,0,28,2,1,1,1.0,1,0,0.0,2,4,0,12,1,4,2,0,0,2,1.0,Los Angeles,Alex Stepheson,Clippers,LAC,2016
293,0.479,612,62,0.365,170,839,29,10,358,355,0.454,782,87,0.58,150,72,72,2537,77,175,859,141,278,435,0.494,Sacramento,Rajon Rondo,Kings,SAC,2016
392,0.495,792,74,0.344,215,120,29,51,353,466,0.463,1007,198,0.78,254,70,70,2379,103,184,1204,100,139,456,0.5,Sacramento,Rudy Gay,Kings,SAC,2016
531,0.473,1122,70,0.333,210,214,25,92,589,601,0.451,1332,476,0.718,663,65,65,2246,158,236,1748,101,249,747,0.477,Sacramento,DeMarcus Cousins,Kings,SAC,2016
290,0.519,559,87,0.401,217,318,28,4,141,377,0.486,776,194,0.858,226,74,15,2219,28,142,1035,76,130,169,0.542,Sacramento,Darren Collison,Kings,SAC,2016
187,0.537,348,112,0.409,274,95,27,17,352,299,0.481,622,103,0.648,159,69,21,1880,58,154,813,56,94,410,0.571,Sacramento,Omri Casspi,Kings,SAC,2016
154,0.456,338,91,0.306,297,127,29,2,107,245,0.386,635,115,0.833,138,68,7,1672,10,91,696,37,80,117,0.457,Sacramento,Marco Belinelli,Kings,SAC,2016
236,0.532,444,0,0.0,0,33,26,70,254,236,0.532,444,57,0.548,104,78,14,1482,169,185,529,40,48,423,0.532,Sacramento,Kosta Koufos,Kings,SAC,2016
128,0.474,270,67,0.362,185,79,22,10,114,195,0.429,455,74,0.718,103,68,53,1443,34,140,531,52,99,148,0.502,Sacramento,Ben McLemore,Kings,SAC,2016
191,0.567,337,0,0.0,2,37,22,66,218,191,0.563,339,81,0.648,125,66,39,1412,134,146,463,48,46,352,0.563,Sacramento,Willie Cauley-Stein,Kings,SAC,2016
100,0.606,165,19,0.388,49,27,25,24,123,119,0.556,214,50,0.735,68,59,29,876,65,103,307,29,27,188,0.6,Sacramento,Quincy Acy,Kings,SAC,2016
44,0.478,92,23,0.267,86,41,26,14,73,67,0.376,178,22,0.759,29,51,15,721,13,54,179,21,42,86,0.441,Sacramento,James Anderson,Kings,SAC,2016
52,0.46,113,50,0.45,111,67,25,3,51,102,0.455,224,45,0.833,54,44,9,692,9,41,299,22,36,60,0.567,Sacramento,Seth Curry,Kings,SAC,2016
22,0.537,41,3,0.167,18,10,35,1,17,25,0.424,59,10,0.833,12,17,1,176,5,19,63,9,3,22,0.449,Sacramento,Caron Butler,Kings,SAC,2016
3,0.5,6,0,0.0,0,1,24,4,8,3,0.5,6,2,0.5,4,8,0,48,3,4,8,0,3,11,0.5,Sacramento,Eric Moreland,Kings,SAC,2016
0,0.0,5,2,0.4,5,1,24,0,2,2,0.2,10,0,0.0,0,1,0,24,2,2,6,1,0,4,0.3,Sacramento,Duje Dukan,Kings,SAC,2016
171,0.455,376,68,0.33,206,177,30,20,347,239,0.411,582,106,0.746,142,82,80,2540,165,202,652,106,111,512,0.469,Phoenix,P.J. Tucker,Suns,PHO,2016
268,0.464,578,99,0.343,289,200,19,20,160,367,0.423,867,215,0.84,256,76,51,2108,27,225,1048,44,160,187,0.48,Phoenix,Devin Booker,Suns,PHO,2016
251,0.461,544,120,0.342,351,263,24,20,166,371,0.415,895,156,0.852,183,52,50,1870,36,124,1018,61,177,202,0.482,Phoenix,Brandon Knight,Suns,PHO,2016
263,0.426,617,1,0.143,7,97,22,62,416,264,0.423,624,174,0.728,239,78,46,1821,178,230,703,38,145,594,0.424,Phoenix,Alex Len,Suns,PHO,2016
151,0.476,317,181,0.393,460,89,30,21,247,332,0.427,777,120,0.774,155,79,1,1686,55,159,965,32,84,302,0.544,Phoenix,Mirza Teletović,Suns,PHO,2016
183,0.585,313,0,0.0,1,64,33,44,401,183,0.583,314,106,0.62,171,66,60,1618,175,145,472,36,93,576,0.583,Phoenix,Tyson Chandler,Suns,PHO,2016
182,0.511,356,42,0.382,110,72,26,30,297,224,0.481,466,77,0.762,101,67,27,1255,76,125,567,38,75,373,0.526,Phoenix,Jon Leuer,Suns,PHO,2016
48,0.453,106,68,0.347,196,147,32,13,74,116,0.384,302,31,0.756,41,62,18,1211,25,161,331,74,70,99,0.497,Phoenix,Ronnie Price,Suns,PHO,2016
153,0.474,323,23,0.232,99,118,21,13,115,176,0.417,422,130,0.674,193,57,13,1114,27,84,505,27,100,142,0.444,Phoenix,Archie Goodwin,Suns,PHO,2016
193,0.52,371,28,0.4,70,44,22,16,90,221,0.501,441,45,0.703,64,47,4,1070,57,94,515,37,32,147,0.533,Phoenix,T.J. Warren,Suns,PHO,2016
175,0.482,363,48,0.372,129,190,26,19,107,223,0.453,492,138,0.802,172,31,31,1059,18,75,632,63,110,125,0.502,Phoenix,Eric Bledsoe,Suns,PHO,2016
149,0.42,355,22,0.289,76,87,26,17,151,171,0.397,431,66,0.717,92,37,24,917,43,104,430,33,90,194,0.422,Phoenix,Markieff Morris,Suns,PHO,2016
22,0.386,57,13,0.406,32,47,29,1,35,35,0.393,89,7,0.538,13,36,0,421,6,40,90,10,37,41,0.466,Phoenix,Sonny Weems,Suns,PHO,2016
29,0.5,58,13,0.406,32,26,24,1,31,42,0.467,90,12,0.8,15,22,2,287,4,11,109,5,16,35,0.539,Phoenix,John Jenkins,Suns,PHO,2016
19,0.679,28,4,0.235,17,15,27,1,17,23,0.511,45,5,0.625,8,17,0,200,12,16,55,3,13,29,0.556,Phoenix,Chase Budinger,Suns,PHO,2016
9,0.5,18,0,0.0,5,29,24,3,5,9,0.391,23,4,0.571,7,9,0,113,3,14,22,7,14,8,0.391,Phoenix,Phil Pressey,Suns,PHO,2016
8,0.533,15,3,0.273,11,10,24,0,6,11,0.423,26,12,0.8,15,7,0,82,2,7,37,3,6,8,0.481,Phoenix,Jordan McRae,Suns,PHO,2016
7,0.269,26,3,0.3,10,7,30,2,21,10,0.278,36,6,0.75,8,4,3,74,11,8,29,3,4,32,0.319,Phoenix,Kris Humphries,Suns,PHO,2016
10,0.417,24,0,0.0,0,5,23,5,24,10,0.417,24,9,0.643,14,10,0,68,14,15,29,4,6,38,0.417,Phoenix,Alan Williams,Suns,PHO,2016
7,0.412,17,1,0.125,8,11,25,1,7,8,0.32,25,3,0.75,4,8,0,61,0,4,20,3,9,7,0.34,Phoenix,Lorenzo Brown,Suns,PHO,2016
9,0.429,21,0,0.0,1,0,25,1,10,9,0.409,22,4,0.667,6,8,0,50,6,8,22,0,0,16,0.409,Phoenix,Cory Jefferson,Suns,PHO,2016
4,0.333,12,1,0.2,5,0,26,3,6,5,0.294,17,5,0.833,6,2,0,47,3,5,16,2,1,9,0.324,Phoenix,Orlando Johnson,Suns,PHO,2016
2,0.4,5,0,0.0,3,3,23,0,0,2,0.25,8,0,0.0,0,3,0,33,0,2,4,3,5,0,0.25,Phoenix,Bryce Cotton,Suns,PHO,2016
301,0.537,561,100,0.388,258,598,25,113,635,401,0.49,819,229,0.696,329,81,81,2808,134,240,1131,119,259,769,0.551,Golden State,Draymond Green,Warriors,GSW,2016
403,0.566,712,402,0.454,886,527,27,15,362,805,0.504,1598,363,0.908,400,79,79,2700,68,161,2375,169,262,430,0.63,Golden State,Stephen Curry,Warriors,GSW,2016
375,0.51,736,276,0.425,650,166,25,49,271,651,0.47,1386,193,0.873,221,80,80,2666,35,152,1771,60,138,306,0.569,Golden State,Klay Thompson,Warriors,GSW,2016
213,0.508,419,82,0.383,214,117,23,10,248,295,0.466,633,102,0.761,134,66,59,2042,77,136,774,41,57,325,0.531,Golden State,Harrison Barnes,Warriors,GSW,2016
122,0.57,214,54,0.351,154,219,32,19,211,176,0.478,368,51,0.614,83,65,1,1732,52,102,457,73,79,263,0.552,Golden State,Andre Iguodala,Warriors,GSW,2016
201,0.548,367,2,0.167,12,237,30,27,127,203,0.536,379,80,0.86,93,78,3,1520,42,140,488,57,78,169,0.538,Golden State,Shaun Livingston,Warriors,GSW,2016
174,0.626,278,1,1.0,1,162,31,114,371,175,0.627,279,24,0.48,50,70,66,1451,121,221,375,33,83,492,0.629,Golden State,Andrew Bogut,Warriors,GSW,2016
132,0.508,260,39,0.355,110,82,33,10,89,171,0.462,370,52,0.839,62,68,0,1079,28,107,433,44,53,117,0.515,Golden State,Leandro Barbosa,Warriors,GSW,2016
46,0.447,103,65,0.414,157,57,30,23,160,111,0.427,260,18,0.643,28,72,25,1055,21,57,305,20,33,181,0.552,Golden State,Brandon Rush,Warriors,GSW,2016
173,0.439,394,24,0.387,62,61,28,34,162,197,0.432,456,94,0.825,114,72,0,832,77,117,512,19,66,239,0.458,Golden State,Marreese Speights,Warriors,GSW,2016
125,0.548,228,0,0.0,0,32,26,50,166,125,0.548,228,70,0.53,132,46,13,770,91,94,320,18,38,257,0.548,Golden State,Festus Ezeli,Warriors,GSW,2016
59,0.5,118,30,0.357,84,64,24,13,55,89,0.441,202,28,0.824,34,66,1,578,13,58,236,17,43,68,0.515,Golden State,Ian Clark,Warriors,GSW,2016
44,0.537,82,1,0.5,2,17,23,8,28,45,0.536,84,26,0.531,49,41,1,262,30,39,117,10,16,58,0.542,Golden State,James Michael McAdoo,Warriors,GSW,2016
21,0.438,48,0,0.0,0,15,33,5,37,21,0.438,48,16,0.552,29,22,0,186,13,35,58,5,6,50,0.438,Golden State,Anderson Varejão,Warriors,GSW,2016
20,0.476,42,0,0.0,0,19,29,8,44,20,0.476,42,20,0.625,32,28,1,179,10,40,60,4,7,54,0.476,Golden State,Jason Thompson,Warriors,GSW,2016
3,0.6,5,1,0.5,2,0,19,0,6,4,0.571,7,0,0.0,0,5,0,21,4,2,9,0,1,10,0.643,Golden State,Kevon Looney,Warriors,GSW,2016
474,0.494,960,236,0.359,657,612,26,51,438,710,0.439,1617,720,0.86,837,82,82,3125,63,229,2376,139,374,501,0.512,Houston,James Harden,Rockets,HOU,2016
172,0.478,360,185,0.371,499,188,30,26,299,357,0.416,859,126,0.783,161,81,81,2859,67,177,1025,160,113,366,0.523,Houston,Trevor Ariza,Rockets,HOU,2016
372,0.626,594,0,0.0,6,98,30,113,597,372,0.62,600,232,0.489,474,71,71,2280,238,219,976,69,166,835,0.62,Houston,Dwight Howard,Rockets,HOU,2016
134,0.472,284,124,0.4,310,239,27,26,177,258,0.434,594,60,0.682,88,71,63,2041,73,234,700,94,91,250,0.539,Houston,Patrick Beverley,Rockets,HOU,2016
151,0.46,328,61,0.272,224,109,29,19,157,212,0.384,552,105,0.75,140,82,12,1669,42,168,590,84,78,199,0.439,Houston,Corey Brewer,Rockets,HOU,2016
231,0.583,396,0,0.0,1,47,21,92,300,231,0.582,397,80,0.379,211,77,35,1471,194,190,542,59,60,494,0.582,Houston,Clint Capela,Rockets,HOU,2016
58,0.504,115,93,0.356,261,103,38,9,65,151,0.402,376,27,0.818,33,72,7,1258,14,91,422,47,49,79,0.525,Houston,Jason Terry,Rockets,HOU,2016
80,0.415,193,31,0.33,94,180,28,6,69,111,0.387,287,56,0.7,80,53,12,1176,20,71,309,43,82,89,0.441,Houston,Ty Lawson,Rockets,HOU,2016
141,0.49,288,25,0.316,79,41,24,39,149,166,0.452,367,77,0.664,116,50,11,1044,62,86,434,23,49,211,0.486,Houston,Terrence Jones,Rockets,HOU,2016
101,0.461,219,73,0.338,216,66,28,3,84,174,0.4,435,51,0.879,58,47,6,885,31,73,472,34,40,115,0.484,Houston,Marcus Thornton,Rockets,HOU,2016
74,0.5,148,16,0.281,57,41,25,5,72,90,0.439,205,34,0.642,53,37,22,547,37,69,230,17,44,109,0.478,Houston,Donatas Motiejūnas,Rockets,HOU,2016
35,0.417,84,23,0.271,85,48,30,13,49,58,0.343,169,12,0.48,25,23,6,421,18,56,151,16,36,67,0.411,Houston,Josh Smith,Rockets,HOU,2016
58,0.652,89,0,0.0,1,17,22,11,40,58,0.644,90,24,0.522,46,39,1,379,25,48,140,11,17,65,0.644,Houston,Montrezl Harrell,Rockets,HOU,2016
104,0.531,196,3,0.333,9,16,27,9,69,107,0.522,205,38,0.776,49,20,0,363,29,39,255,11,24,98,0.529,Houston,Michael Beasley,Rockets,HOU,2016
22,0.468,47,7,0.28,25,10,22,6,26,29,0.403,72,24,0.8,30,37,1,235,16,30,89,7,17,42,0.451,Houston,K.J. McDaniels,Rockets,HOU,2016
8,0.727,11,1,0.111,9,4,27,2,1,9,0.45,20,3,0.75,4,8,0,50,1,4,22,6,7,2,0.475,Houston,Andrew Goudelock,Rockets,HOU,2016
1,0.5,2,0,0.0,0,2,32,0,8,1,0.5,2,2,1.0,2,2,0,24,0,6,4,0,3,8,0.5,Houston,Chuck Hayes,Rockets,HOU,2016
0,0.0,0,0,0.0,0,0,21,0,1,0,0.0,0,0,0.0,0,3,0,6,0,0,0,1,0,1,0.0,Houston,Sam Dekker,Rockets,HOU,2016
142,0.432,329,189,0.36,525,151,29,17,211,331,0.388,854,126,0.863,146,78,78,2644,27,179,977,78,78,238,0.498,Dallas,Wesley Matthews,Mavericks,DAL,2016
372,0.483,770,126,0.368,342,132,37,52,437,498,0.448,1112,250,0.893,280,75,75,2364,52,161,1372,52,84,489,0.504,Dallas,Dirk Nowitzki,Mavericks,DAL,2016
217,0.463,469,60,0.282,213,284,31,15,222,277,0.406,682,149,0.847,176,80,31,2192,36,141,763,68,121,258,0.45,Dallas,Raymond Felton,Mavericks,DAL,2016
224,0.454,493,97,0.344,282,378,31,14,171,321,0.414,775,179,0.869,206,65,63,2106,19,155,918,61,150,190,0.477,Dallas,Deron Williams,Mavericks,DAL,2016
219,0.469,467,0,0.0,3,128,31,22,469,219,0.466,470,212,0.768,276,76,69,2004,249,181,650,64,119,718,0.466,Dallas,Zaza Pachulia,Mavericks,DAL,2016
216,0.54,400,104,0.414,251,169,27,21,256,320,0.492,651,93,0.684,136,61,51,1799,29,114,837,46,95,285,0.571,Dallas,Chandler Parsons,Mavericks,DAL,2016
217,0.481,451,100,0.385,260,302,31,2,126,317,0.446,711,74,0.771,96,74,16,1667,26,110,808,26,113,152,0.516,Dallas,J.J. Barea,Mavericks,DAL,2016
115,0.532,216,52,0.329,158,118,32,13,120,167,0.447,374,101,0.721,140,64,0,1280,18,124,487,60,66,138,0.516,Dallas,Devin Harris,Mavericks,DAL,2016
144,0.514,280,2,0.125,16,44,24,24,189,146,0.493,296,105,0.739,142,69,2,992,84,118,399,36,40,273,0.497,Dallas,Dwight Powell,Mavericks,DAL,2016
78,0.503,155,47,0.273,172,24,31,15,128,125,0.382,327,22,0.917,24,62,4,665,24,71,319,18,31,152,0.454,Dallas,Charlie Villanueva,Mavericks,DAL,2016
49,0.533,92,22,0.265,83,29,22,25,114,71,0.406,175,44,0.8,55,55,9,647,18,45,208,19,24,132,0.469,Dallas,Justin Anderson,Mavericks,DAL,2016
91,0.636,143,0,0.0,0,30,32,15,115,91,0.636,143,31,0.738,42,25,1,433,60,63,213,10,28,175,0.636,Dallas,David Lee,Mavericks,DAL,2016
49,0.636,77,0,0.0,1,10,29,36,82,49,0.628,78,27,0.587,46,34,6,397,41,54,125,8,23,123,0.628,Dallas,Salah Mejri,Mavericks,DAL,2016
77,0.579,133,0,0.0,1,3,28,26,80,77,0.575,134,18,0.5,36,34,2,370,53,49,172,5,21,133,0.575,Dallas,JaVale McGee,Mavericks,DAL,2016
22,0.688,32,4,0.25,16,2,28,9,43,26,0.542,48,15,0.714,21,30,2,251,11,19,71,6,7,54,0.583,Dallas,Jeremy Evans,Mavericks,DAL,2016
26,0.51,51,3,0.158,19,9,24,0,18,29,0.414,70,8,0.889,9,21,1,193,4,11,69,3,11,22,0.436,Dallas,John Jenkins,Mavericks,DAL,2016
145,0.449,323,119,0.322,370,163,35,57,336,264,0.381,693,111,0.804,138,76,45,2190,84,234,758,78,121,420,0.467,Memphis,Matt Barnes,Grizzlies,MEM,2016
425,0.482,881,6,0.231,26,142,34,13,350,431,0.475,907,172,0.796,216,68,53,2016,179,146,1040,43,105,529,0.479,Memphis,Zach Randolph,Grizzlies,MEM,2016
326,0.463,704,2,0.667,3,196,31,70,304,328,0.464,707,203,0.829,245,52,52,1791,58,141,861,50,118,362,0.465,Memphis,Marc Gasol,Grizzlies,MEM,2016
216,0.449,481,78,0.363,215,342,28,16,138,294,0.422,696,191,0.834,229,56,56,1761,26,100,857,67,84,164,0.478,Memphis,Mike Conley,Grizzlies,MEM,2016
200,0.468,427,15,0.357,42,70,34,18,192,215,0.458,469,90,0.652,138,64,57,1620,104,175,535,110,78,296,0.474,Memphis,Tony Allen,Grizzlies,MEM,2016
198,0.47,421,42,0.309,136,98,29,19,186,240,0.431,557,124,0.8,155,53,31,1544,55,102,646,40,69,241,0.469,Memphis,Jeff Green,Grizzlies,MEM,2016
141,0.502,281,51,0.37,138,76,30,16,99,192,0.458,419,76,0.826,92,51,37,1489,19,79,511,52,49,118,0.519,Memphis,Courtney Lee,Grizzlies,MEM,2016
215,0.478,450,15,0.333,45,67,25,33,234,230,0.465,495,103,0.752,137,78,15,1446,139,189,578,46,83,373,0.48,Memphis,JaMychal Green,Grizzlies,MEM,2016
127,0.464,274,45,0.326,138,211,29,12,120,172,0.417,412,206,0.827,249,55,7,1253,23,165,595,80,101,143,0.472,Memphis,Mario Chalmers,Grizzlies,MEM,2016
74,0.425,174,59,0.349,169,56,39,16,115,133,0.388,343,70,0.833,84,60,3,1005,31,101,395,38,35,146,0.474,Memphis,Vince Carter,Grizzlies,MEM,2016
135,0.487,277,11,0.355,31,73,25,6,94,146,0.474,308,66,0.815,81,26,3,692,21,56,369,19,46,115,0.492,Memphis,Lance Stephenson,Grizzlies,MEM,2016
45,0.625,72,0,0.0,0,10,31,20,47,45,0.625,72,26,0.619,42,32,9,412,40,58,116,6,21,87,0.625,Memphis,Ryan Hollins,Grizzlies,MEM,2016
54,0.474,114,0,0.0,2,15,21,7,47,54,0.466,116,45,0.726,62,27,0,380,39,58,153,8,19,86,0.466,Memphis,Jarell Martin,Grizzlies,MEM,2016
30,0.476,63,16,0.232,69,9,23,4,39,46,0.348,132,16,0.727,22,18,9,375,7,31,124,8,17,46,0.409,Memphis,P.J. Hairston,Grizzlies,MEM,2016
32,0.604,53,2,0.222,9,9,37,10,56,34,0.548,62,22,0.688,32,20,14,366,33,25,92,14,7,89,0.565,Memphis,Chris Andersen,Grizzlies,MEM,2016
26,0.473,55,16,0.356,45,37,29,2,21,42,0.42,100,10,1.0,10,12,10,291,4,22,110,15,18,25,0.5,Memphis,Jordan Farmar,Grizzlies,MEM,2016
23,0.426,54,9,0.391,23,22,23,3,28,32,0.416,77,7,0.5,14,14,0,244,3,25,80,13,15,31,0.474,Memphis,Xavier Munford,Grizzlies,MEM,2016
18,0.34,53,10,0.385,26,27,24,3,14,28,0.354,79,3,0.6,5,10,3,219,2,15,69,7,13,16,0.418,Memphis,Ray McCallum,Grizzlies,MEM,2016
35,0.673,52,0,0.0,0,6,28,15,29,35,0.673,52,13,0.542,24,12,2,212,14,21,83,5,10,43,0.673,Memphis,Brandan Wright,Grizzlies,MEM,2016
13,0.394,33,0,0.0,5,20,23,3,16,13,0.342,38,3,0.75,4,6,4,166,8,11,29,9,9,24,0.342,Memphis,Briante Weber,Grizzlies,MEM,2016
16,0.457,35,4,0.364,11,26,33,1,7,20,0.435,46,3,1.0,3,8,0,120,2,11,47,3,11,9,0.478,Memphis,Beno Udrih,Grizzlies,MEM,2016
6,0.353,17,1,0.2,5,11,24,1,8,7,0.318,22,8,0.615,13,15,0,66,1,5,23,5,7,9,0.341,Memphis,Russ Smith,Grizzlies,MEM,2016
8,0.308,26,0,0.0,0,2,28,3,8,8,0.308,26,4,0.4,10,4,0,61,18,8,20,1,0,26,0.308,Memphis,Alex Stepheson,Grizzlies,MEM,2016
1,0.167,6,1,0.25,4,4,26,0,3,2,0.2,10,3,0.75,4,5,0,45,1,2,8,0,1,4,0.25,Memphis,Elliot Williams,Grizzlies,MEM,2016
2,0.4,5,2,0.25,8,2,25,2,3,4,0.308,13,6,0.6,10,10,0,40,4,1,16,4,2,7,0.385,Memphis,James Ennis,Grizzlies,MEM,2016
2,0.4,5,0,0.0,1,3,21,0,2,2,0.333,6,3,0.6,5,2,0,15,0,2,7,3,2,2,0.333,Memphis,Jordan Adams,Grizzlies,MEM,2016
2,1.0,2,0,0.0,0,0,23,0,0,2,1.0,2,0,0.0,0,5,0,6,0,0,4,0,0,0,1.0,Memphis,Bryce Cotton,Grizzlies,MEM,2016
0,0.0,0,0,0.0,0,0,22,0,1,0,0.0,0,0,0.0,0,2,0,4,1,0,0,0,0,2,0.0,Memphis,Jarnell Stokes,Grizzlies,MEM,2016
525,0.511,1028,35,0.324,108,116,22,125,497,560,0.493,1136,326,0.758,430,61,61,2164,130,148,1481,78,121,627,0.508,New Orleans,Anthony Davis,Pelicans,NOP,2016
266,0.466,571,131,0.366,358,73,27,25,265,397,0.427,929,199,0.873,228,66,7,2008,131,109,1124,38,90,396,0.498,New Orleans,Ryan Anderson,Pelicans,NOP,2016
131,0.55,238,55,0.316,174,77,28,33,179,186,0.451,412,57,0.695,82,80,46,1971,57,173,484,42,41,236,0.518,New Orleans,Dante Cunningham,Pelicans,NOP,2016
323,0.478,676,87,0.336,259,391,25,22,168,410,0.439,935,182,0.843,216,65,23,1831,27,148,1089,88,167,195,0.485,New Orleans,Jrue Holiday,Pelicans,NOP,2016
115,0.59,195,17,0.283,60,72,28,13,185,132,0.518,255,44,0.667,66,73,38,1632,60,169,325,63,55,245,0.551,New Orleans,Alonzo Gee,Pelicans,NOP,2016
118,0.457,258,113,0.384,294,121,27,14,89,231,0.418,552,111,0.888,125,45,44,1481,10,98,686,43,73,99,0.521,New Orleans,Eric Gordon,Pelicans,NOP,2016
102,0.421,242,81,0.399,203,157,29,5,118,183,0.411,445,84,0.848,99,61,18,1262,25,131,531,70,64,143,0.502,New Orleans,Toney Douglas,Pelicans,NOP,2016
163,0.427,382,33,0.324,102,167,27,5,141,196,0.405,484,52,0.8,65,45,23,1198,10,102,477,37,75,151,0.439,New Orleans,Norris Cole,Pelicans,NOP,2016
104,0.533,195,0,0.0,0,26,29,23,294,104,0.533,195,61,0.545,112,68,64,1178,120,124,269,21,60,414,0.533,New Orleans,Ömer Aşık,Pelicans,NOP,2016
150,0.478,314,0,0.0,1,31,27,36,194,150,0.476,315,52,0.839,62,59,17,861,75,134,352,19,54,269,0.476,New Orleans,Alexis Ajinça,Pelicans,NOP,2016
78,0.433,180,44,0.404,109,53,26,7,123,122,0.422,289,39,0.78,50,47,13,845,25,90,327,11,23,148,0.498,New Orleans,Luke Babbitt,Pelicans,NOP,2016
103,0.45,229,33,0.388,85,164,26,8,109,136,0.433,314,74,0.796,93,25,25,765,20,66,379,32,73,129,0.486,New Orleans,Tyreke Evans,Pelicans,NOP,2016
88,0.451,195,10,0.303,33,154,27,6,78,98,0.43,228,33,0.767,43,27,3,617,14,38,239,24,45,92,0.452,New Orleans,Ish Smith,Pelicans,NOP,2016
40,0.533,75,0,0.0,0,31,31,11,103,40,0.533,75,11,0.44,25,37,5,542,25,64,91,11,41,128,0.533,New Orleans,Kendrick Perkins,Pelicans,NOP,2016
63,0.457,138,13,0.419,31,120,25,1,56,76,0.45,169,45,0.763,59,16,1,469,15,42,210,23,38,71,0.488,New Orleans,Tim Frazier,Pelicans,NOP,2016
36,0.507,71,13,0.289,45,25,25,3,50,49,0.422,116,14,0.667,21,11,4,304,12,24,125,8,17,62,0.478,New Orleans,Jordan Hamilton,Pelicans,NOP,2016
26,0.52,50,24,0.48,50,18,25,3,18,50,0.5,100,19,0.792,24,9,5,282,17,26,143,12,17,35,0.62,New Orleans,James Ennis,Pelicans,NOP,2016
16,0.432,37,12,0.375,32,15,23,2,40,28,0.406,69,11,0.524,21,14,11,279,8,17,79,10,11,48,0.493,New Orleans,Bryce Dejean-Jones,Pelicans,NOP,2016
3,0.25,12,1,0.2,5,2,26,0,5,4,0.235,17,1,0.5,2,5,1,54,1,4,10,1,3,6,0.265,New Orleans,Orlando Johnson,Pelicans,NOP,2016
0,0.0,0,0,0.0,1,4,31,0,0,0,0.0,1,0,0.0,0,2,1,23,0,5,0,1,0,0,0.0,New Orleans,Nate Robinson,Pelicans,NOP,2016
1,0.333,3,0,0.0,1,1,26,0,0,1,0.25,4,0,0.0,0,4,0,13,0,1,2,1,1,0,0.25,New Orleans,Jimmer Fredette,Pelicans,NOP,2016
422,0.528,799,129,0.443,291,186,24,71,398,551,0.506,1090,292,0.874,334,72,72,2380,95,133,1523,128,105,493,0.565,San Antonio,Kawhi Leonard,Spurs,SAS,2016
536,0.521,1029,0,0.0,16,110,30,81,456,536,0.513,1045,259,0.858,302,74,74,2261,176,151,1331,38,99,632,0.513,San Antonio,LaMarcus Aldridge,Spurs,SAS,2016
95,0.448,212,116,0.332,349,141,28,64,255,211,0.376,561,34,0.739,46,79,79,2062,48,141,572,79,75,303,0.48,San Antonio,Danny Green,Spurs,SAS,2016
323,0.501,645,27,0.415,65,379,33,11,159,350,0.493,710,130,0.76,171,72,72,1980,17,114,857,54,131,176,0.512,San Antonio,Tony Parker,Spurs,SAS,2016
137,0.469,292,123,0.384,320,226,27,6,131,260,0.425,612,47,0.81,58,81,3,1662,27,102,690,59,76,158,0.525,San Antonio,Patty Mills,Spurs,SAS,2016
215,0.49,439,0,0.0,2,163,39,78,332,215,0.488,441,92,0.702,131,61,60,1536,115,125,522,47,90,447,0.488,San Antonio,Tim Duncan,Spurs,SAS,2016
241,0.546,441,3,0.429,7,143,35,55,237,244,0.545,448,63,0.788,80,78,19,1404,72,142,554,44,68,309,0.548,San Antonio,David West,Spurs,SAS,2016
177,0.564,314,25,0.362,69,176,33,21,175,202,0.527,383,56,0.737,76,76,4,1386,58,102,485,26,97,233,0.56,San Antonio,Boris Diaw,Spurs,SAS,2016
126,0.488,258,12,0.324,37,123,22,29,219,138,0.468,295,62,0.747,83,78,11,1245,25,97,350,60,59,244,0.488,San Antonio,Kyle Anderson,Spurs,SAS,2016
127,0.496,256,70,0.391,179,177,38,11,120,197,0.453,435,91,0.813,112,58,0,1134,26,99,555,66,99,146,0.533,San Antonio,Manu Ginóbili,Spurs,SAS,2016
104,0.533,195,18,0.383,47,58,26,5,80,122,0.504,242,69,0.75,92,55,2,813,16,103,331,24,53,96,0.541,San Antonio,Jonathon Simmons,Spurs,SAS,2016
105,0.603,174,0,0.0,0,21,27,23,121,105,0.603,174,87,0.763,114,54,4,508,73,54,297,12,29,194,0.603,San Antonio,Boban Marjanović,Spurs,SAS,2016
34,0.618,55,15,0.306,49,24,36,23,53,49,0.471,104,11,0.688,16,46,0,432,3,11,124,13,8,56,0.543,San Antonio,Rasual Butler,Spurs,SAS,2016
19,0.365,52,11,0.333,33,12,32,2,25,30,0.353,85,28,0.933,30,16,1,261,4,15,99,9,13,29,0.418,San Antonio,Kevin Martin,Spurs,SAS,2016
22,0.431,51,5,0.313,16,33,24,4,25,27,0.403,67,9,0.9,10,31,3,256,6,14,68,5,11,31,0.44,San Antonio,Ray McCallum,Spurs,SAS,2016
14,0.609,23,15,0.441,34,9,35,1,24,29,0.509,57,3,0.75,4,30,2,206,3,16,76,6,3,27,0.64,San Antonio,Matt Bonner,Spurs,SAS,2016
22,0.5,44,1,0.25,4,29,39,0,21,23,0.479,48,9,0.692,13,13,4,181,6,14,56,7,12,27,0.49,San Antonio,Andre Miller,Spurs,SAS,2016
